"reference","base_summary","finetuned_summary","original_text"
"My favorite tea!","I bought a bag of Freshpak Rooibos when I was in South Africa","Best Rooibos in South Africa","My husband and I did a safari in South Africa in August'09 and I had some rooibos experience here in the States but it was always mixed with something else.  Freshpak is what the South African's buy.  It has a great flavor and is cheap even here!  I picked up Lipton's Rooibos while in SA but I found I liked Freshpak much better.  That tea became my friend there as I did have a day of being under the weather, it made me feel better.  The people there swear by it.  A little honey, some lemon and you can drink it all day.  I brought tea for family and friends here but I haven't heard if they have even tried it....might have to steal it all back!  :)  Down to my last bags...need to buy more!"
"Is this really Sky *Line* ??","I have a box of frozen Skyline from the grocery, and a pack of this stuff (which is pretty good). The manufacturer on the back","Skyline, Inc.","I have a box of frozen Skyline from the grocery, and a pack of this stuff (which is pretty good.)  The manufacturer on the back is listed as ""SkyTime"" at ""4180 Thunderbird Lane, Fairfield, OH 45014"" which is ALSO the address of the real thing, ""Skyline, Inc.""<br /><br />So is this stuff really Skyline?  Why not advertise as such?  Oh well;  it's good and I can make my own low-fat variation my body tolerates."
"Could be fresher","Catnip needs to be carefully cultivated (I read) so that other plants do not creep into the field. Also, it must be fresh","Catnip has a narcotic effect on susceptible cats","Catnip needs to be carefully cultivated (I read) so that other plants do not creep into the field.  Also, it must be fresh to really get the cat to respond.  My beloved cat did not react as I expected; truly effective catnip has a narcotic effect on susceptible cats, putting them in a spell almost.  My cat could take or leave this catnip unless it was really laid on heavily."
"Dirty Cigarettes!","I rarely review anything with limited time...unless it's either really great or perfectly horrid...bustelo out of the can is without exception","Worst coffee I've ever had in my life","I rarely review anything with limited time...unless it's either really great or perfectly horrid. Bustelo out of the can is without exception, the very worst coffee I've ever had in my life. I sensed the flavor of dirt off a factory floor with a mild flavor of old dirty cigarettes. This was with filtered water (so no water issues). Maybe I got a bad can, but man, this was rough and acrid stuff. Your mileage may vary..."
"The best that I have tried.","Excellent taste and smell. The Callebaut smells like good chocolate with no hint of an acrid chemical smell. It has a","Excellent taste and smell","Excellent taste and smell.  The Callebaut smells like good chocolate with no hint of an acrid chemical smell.  I've noticed that smell in other (even more expensive) brands.  The taste is a beautifully rich and redolant of fine chocolate. It has a silk like mouth feel - no grit. It's the best cocoa powder in my experience."
"my favorite all purpose seasoning","I love this stuff - I wish it was available on amazon fresh in a 1 pack though - a bit much","Love this stuff","I LOVE this stuff - I wish it was available on amazon fresh in a 1 pack though - a 6 pack is a bit much.  I put this stuff on anything that needs salt and a bit of heat (pretty much anything for me) the balance is perfect in that when it's salty enough it's spicy enough too."
"delicious and fresh","I usually buy these at the mall as a treat to myself. They are a lot fresher in both taste and consistency than the ones you might","Fresher than the ones you might get at a candy store","I generally buy these at the mall as a treat to myself.<br />I broke down and bought the big bag.<br />So glad I did.<br />These are a lot fresher in both taste and consistency than the ones you might get at a candy store.<br />They even have a great smell- I didn't know they had an aroma.<br />I'm just hoping now that I will be able to ration myself and make them last a little while."
"Good product!","I haven't been using this as religiously as I had hoped, but so far, I am quite happy with this product. The taste","Great tea!","I admit, I haven't been using this as religiously as I had hoped, but so far, I am quite happy with this product.  The taste is very subtle, so if you like a stronger tea, you might want to add a small amount of sweetener.  I would purchase this again!"
"Excellent,cats love this food","Love this food!","My cats love this food!","just received my case of this food after reviewing many other types. I wanted something that was organic and healthy for my two cats,instead of taking them to the vet all the time..They absolutely LOVE this food,plenty of juice and meat. One 5.5 oz can feeds them both heartily and they lick the dish clean. I started them on an organic holistic dry food over a month ago and I see a big change in their coats,so shiny and soft. I believe that the added expense should keep them overall much healthier and happy..."
"Kitty loves this","My cat loves Merrick's!","My cat loves Merrick's!","Recently, I got as many varieties of Merrick's for my cat to try as I could. I usually feed him a custom raw chicken diet, but for travel or when friends are taking care of him that isn't practical. I used to use Wellness CORE dry and wet cat food but it was just getting too expensive. I was pleased when I found Merrick's, and love that it is made in Texas (my native state!).<br /><br />My cat did not experience any bowel problems with this food. His litter box did smell much worse than when he gets raw chicken, but that is easily fixed by cleaning. I do recommend researching how to switch your cat's food safely to avoid any possible digestive system issues such as diarrhea or vomiting.<br /><br />My cat LOVED the New England Boil. He leapt up on the counter when I opened it and nearly tripped me in his rush to his feeding spot. I fed him this mixed with the Wellness CORE to switch him over and he actually licked up all the Merrick's wet food immediately and searched around his feeding area (with his dish still containing Wellness CORE kibbles) and came begging over to me when he couldn't find any more wet food.<br />Five stars from kitty!<br /><br />I also rate this five stars. It is made here in Texas, and with real quality ingredients, I can feel good knowing my cat isn't eating meat flavored corn and wheat!"
"Amazing product","This bar is amazing. I have many different food allergies, so finding pre-made snack bars that can cater to all of my needs is extremely difficult.","The best chocolate protein bar I've ever had!","For starters, Amazon's ingredients list is wrong about this bar in particular. The chocolate protein bar is completely nut free, so the other two reviewers are incorrect. It's made from sunflower seed butter, brown rice flour, brown rice syrup, chocolate liqueur and coconut sugar. Secondly, it's dairy, gluten, and soy free as well, so of course it'll have a more bitter taste. It resembles dark chocolate more closely; a similar taste to a chocolate powerbar. This bar is amazing. I have many different food allergies, so finding pre-made snack bars that can cater to all of my needs is extremely difficult. The chocolate protein bar fits all of them, and provides me with an easy to grab snack that'll help me get through the day without a nasty sugar crash."
"great taste! great texture! great gum!","I'm not sure what the other reviewers have problems with for this gum.br /> Our whole family has been chewing this","Great gum!","I don't know what the other reviewers have problems with for this gum.<br />Our whole family has been chewing this gum for the last few months and we think it's great in every way!<br />what's even better is that there is no sugar and no artificial dyes!<br />Try finding something like that at your local retail shop!<br /><br />Our only regret is that amazon is no longer carrying it, so now we'll have to pay more for it from other online retailers :("
"Delicious pumpkin Pie spice","The aroma is rich and very tastey. I have friends from India who recommended the flavor of Chai, so I tried it out. My very favorite","My favorite tea!","I have not idea why this person would not like the pumpkin pie spice? What does this guy do during Thanksgiving?? The aroma is rich and very tastey. I have friends from India who recommended the flavor of Chai, so I tried it out. My very favorite tea! Why drink anything that is bitter when you can have sweet delicious Chai?"
"Ok, but not my favorite coffee","Not something I would buy again","Not my choice for a good brew","I had previously purchased the Coffee Bean Direct decaf espresso beans, and LOVED those, but thought I would try the Colombian decaf.  This coffee has an almost sour taste to it which I don't like, but if I mix it with other coffee beans, it is drinkable.  Not something I would buy again.  I will buy the DECAF ESPRESSO next time.  I'm certain nothing is wrong with this coffee--it is just a matter of personal taste.  It isn't my choice for a good brew."
"This is NOT smoked salt!","Faerie's Finest is the worst smoked salt I have tasted.","Faerie's Finest is the worst smoked salt I have tasted","This salt is NOT smoked. Read that again. It is a 2 pound bag of white salt that has a fake hickory smell. It is small crystals, about the size of table salt crystals. My guess is that they tried to infuse flavor into the salt rather than smoking it. The hickory flavor is very faint, and very fake tasting. You are much better off buying real smoked salt, such as Gourmet Hickory Smoked Sea Salt by The Spice Lab Inc. I am not in any way affiliated with The Spice Lab - I bought their salt simultaneously with Faerie's Finest in order to compare the two. Not only is it inferior to The Spice Lab, but Faerie's Finest is the worst smoked salt I have tasted."
"getting tired of toys not lasting when promised...","This toy is a waste of time and money. My aussie has nawed about 15% of the tips off within an hour or","Not a good toy for my dog","It would be nice if someone could make a toy out of some material that would actually LAST!  This one sure doesn't.  My TOY australian shepherd has nawed about 15% of the tips off within an hour or so.  She's not even 12 lb's and is getting through it.  She does go through any toy so far pretty quickly.<br />I'm better off just giving frozen carrots and maybe buying some rawhides soon, but i don't think rawhides are very healthy and wanted to stay away from them.<br />I have two other small dogs who don't seem to chew toys to bad, but its hard to tell because the aussie is always around and is more than likely the culprit.  The only reason i give it 2 stars is that at least the dogs all like it.<br /><br />to review:  $10 toy that could possibly last my dog at least 10 hours and then she'll poop it out and possibly get harmed that way. Or $1 bag of carrots that are healthy and freeze them so they chew a little longer.  hmmmmmmm."
"Cant they just make them with regular flour, sugar and fruit?","How much crap can they cram into these...","Cellulose Gel, Fructose, Glycerol, Dextrose, Maltodextrin?","How much crap can they cram into these...<br />Cellulose Gel?<br />Fructose?<br />Glycerol?<br />Dextrose?<br />Maltodextrin?<br />oh....and less than 2% of apple powder?<br /><br />ENRICHED FLOUR (WHEAT FLOUR, NIACIN, REDUCED IRON, THIAMIN MONONITRATE [VITAMIN B1], RIBOFLAVIN [VITAMIN B2], FOLIC ACID), SUGAR, FRUCTOSE, GLYCEROL, VEGETABLE OIL (SOYBEAN, PALM, AND PALM KERNEL OIL WITH TBHQ FOR FRESHNESS), DEXTROSE, MALTODEXTRIN, CONTAINS TWO PERCENT OR LESS OF MODIFIED CORN STARCH, NONFAT DRY MILK, APPLE POWDER, STRAWBERRY PUREE CONCENTRATE, REDUCED MINERAL WHEY, INVERT SUGAR, CORNSTARCH, SOY LECITHIN, LEAVENING (BAKING SODA, MONOCALCIUM PHOSPHATE, SODIUM ACID PYROPHOSPHATE), SALT, DATEM , CELLULOSE GEL, NATURAL AND ARTIFICIAL FLAVOR, CITRIC ACID, MONO- AND DIGLYCERIDES, CELLULOSE GUM, SODIUM CITRATE, MALIC ACID, COLOR ADDED, SODIUM ALGINATE, CARAMEL COLOR, XANTHAN GUM, TRICALCIUM PHOSPHATE, RED #40, VANILLA EXTRACT, BHT FOR FRESHNESS."
"Real Green Tea","Great tea!","Excellent green tea!","This tea was recommended to us by some friends from Japan.  They told us that the green tea that is sold in most grocery stores is not authentic green tea.  Following their recommendation, we purchased this tea and have been very satisfied.  It not only has the true green color, it is also very mild with a slightly sweet taste.  Delicious!"
"Fun for our daughter","We sent our oldest to school with these for her friends to celebrate the birth of our little boy. It really made her feel important at school, and helped","Our oldest loved it!","When our third child, and first son was born, we sent our oldest to school (Kindergarten) with these for her friends to celebrate. It really made her feel important at school, and helped her celebrate the birth of our little boy. She loved doing it, and her friends enjoyed them too. BTW- teachers, we did clear it with the teachers at school first, so no hate mail please!"
"Good & Healthy","Popchips are a healthy, delicious snack food.","Healthy, Delicious Chips","It is always a challenge to find healthy, delicious food.  While Popchips is a snack food, most all of us still enjoy chips.  That being the case, I have not found any better chip in my years of search that has such good taste and health considerations.  I offer them to people who eat the heavy saturated chips, and they love the Popchips."
"This is a lie!","This ad is a lie! This order came today and the steaks are not any bigger than two store bought pork chops! $72","This ad is a lie!","This ad is a lie! This order came today and the steaks are not any bigger than two store bought pork chops. There is no way these steaks weigh anywhere close to 30 ounces, much less a total of 60 ounces as the ad states! $72 for not even a pound of steak! RIP OFF!"
"Pretty plant","I ordered 2 of these plants. They arrived 4 days after I placed the order, which is the fastest I've ever received anything (that was with","Fastest I've ever received anything (that was with standard shipping as well)","I ordered 2 of these.  They arrived 4 days after I placed the order, which is the fastest I've ever received anything (that was with standard shipping as well).  I should have paid more attention to the pot the seller was sending them in.  It's nothing more than a flimsy container.  I will be going to the store to buy new pots for them today.  The plants arrived in great condition, they look awesome.  I would totally order this item again."
"Good for Muscle Recovery, NOT Sugar free.","I've been eating Cliff Protein bar for body building, although it's 95% organic but it has too much sugar. ThinkThin protein bars","Protein bars for muscle recovery","Some of the reviewers eat these for weight control purpose, which I don't think that's what these bars are for. 20g protein bars like these are designed for muscle recovery after weight lifting workout. ThinkThin protein bars use whey protein isloate; which is the best protein for muscle recovery. I've been eating Cliff Protein bar for body building, although it's 95% organic but it has too much sugar. ThinkThin protein bars provide same amount of protein as the Cliff Bar with less sugar.<br /><br />These bars use sugar alcohol, instead of conventional sugar. Sugar alcohol is a sweetener commonly found in ""Sugar Free"" gums. It has less calories and doesn't cause tooth decay as conventional sugar does. Nonetheless, it's a sugar. I hope ThinkThin would start making these with organic ingredients.<br /><br />For those who are interesting in snack bars (instead of protein bars) for weight control, <a href=""http://www.amazon.com/gp/product/B000P504ZG"">Pure Bar Organic Wild Blueberry, Raw Fruit & Nut Bar, 1.7-Ounce Bars (Pack of 12)</a> are awesome."
"Okra never tasted so bad!","I ate my first Talk O' Texas pickled okra 20 years ago, it didn't take long to get hooked.br","Salty and overpowering okra pickles","These things taste like sulfur. Don't they eat their own product fer cryin out loud?<br /><br />I ate my first Talk O' Texas pickled okra 20 years ago, it didn't take long to get hooked.<br />But I don't remember them being this salty. The okra is nice and fresh and crisp, but the<br />""natural flavors and spices"" have been overdone. I've made my own okra pickles with only<br />3 ingredients and they are 10 times better than these things. And don't mind the ""hot"", you<br />wont be able to eat enough of these things to detect any heat. The salt, garlic and other<br />spices just flat overpower.<br /><br />Thanks for the memories Talk O', thats the only reason you got 3 stars."
"Absolutely excellent","I'm a sucker for a healthy treat!","Great deal for a healthy treat","I got these as a treat for my kids on Halloween (as we don't really celebrate it here in Mexico) and have become addicted.  :)  I got a great deal on it (1/2 price?) and liked them so much I'm willing to pay full price for another 5-lb bag.  Who cares about the ratio of flavors - I'm just glad to have a healthy alternative for my kids.  Ordering another 5-pound bag to get muled down here (and isn't ironic that I can't get it here in Mexico even though it is made here???)"
"A big disappointment","I am a tea snob. However, one thing I have learned is that price and quality don't always go hand in hand","Too weak, too strong, too weak","Admittedly, I am a tea snob. However, one thing I have learned is that price and quality don't always go hand in hand.  (My favorite earl grey costs $1.97 a box at Target;  I pay $25 for a small tin of my favorite fruit flavored tea at Dean and Deluca's.)  I was very excited to try Barry's Tea after I heard about it from a friend who heard about this tea while traveling in Ireland.  I was even more excited to find that it was fairly inexpensive.<br /><br />Unfortunately, for my taste, Barry's is a huge disappointment.  No matter how little or how long I brew it, the flavor never tastes ""just right.""  I find it's either too weak or too strong and needs a good amount of sweetener and milk to make it somewhat enjoyable.  I also discovered after several tests that one teabag will taste differently than another.  (Something I have NEVER found in any other brand of tea I've brewed.)<br /><br />If you are looking for an excellent plain black tea, I would suggest Yorkshire Gold (found at World Market and some speciality tea shops that sell products from England) or Tazo's ""Awake.""  In fact, I even like good old Red Rose if I'm in a pinch."
"Good -- Not perfect","Good, but a little too sweet for me","Good, but a little too sweet","These taste like regular rice krispies but sweeter, they are good, but actually a little too sweet for me (which I thought was impossible). There is no visible frosting on the cereal, it looks like a normal rice krispie but when you eat it, it's much much sweeter. The taste is great. The frosting taste is like Frosted Flakes. I also don't like how the cereal gets soggy so quickly in milk. Also, don't buy this expecting it to taste like Rice krispie treats cereal."
"Not very thick","I think this honey is mostly hype. I find rata honey to have superior taste and consistency. I like fireweed honey more as well for my less","Very similar to regular clover honey","This honey is very similar to regular clover honey. I thought it would be thick like rata honey. It is not, it is translucent. Taste is similar to clover honey as well, just a slight tinge of something different. I believe this honey is mostly hype. I find rata honey to have superior taste and consistency. I like fireweed honey more as well for my less viscous honey indulgences."
"It does what is claims to do....highly recommended","Great product for the price and stands by its claim.","Great product for the price","It worked so well and have been using it for months. Highly recommended and have already bought 5 bottles of it. I would recommended this to anyone who is breast feeding and sees a decrease in milk production after few months; especially after 3 months or so. Great product for the price and stands by its claim"
"You either love it, or...","I'm a Jelly Belly junkie and keep them on hand most all the time. I've never been able to decide","Buttered Popcorn Is My Favorite","...hate it. I'm a Jelly Belly junkie and keep them on hand most all the time. I've never been able to decide if ""Buttered Popcorn"" or ""Juicy Pear"" was my most disliked flavor. To me, it's one of those flavors that just doesn't even sound like it would be good.<br /><br />I keep a large jar of beans on my desk at work, and you wouldn't believe how often the topic of ""favorite flavors"" gets started by someone saying ""I HATE the Buttered Popcorn!""  One day, a co-worker walked in and said, ""Oh wow, Buttered Popcorn is my favorite!"" Subsequently, I was surprised to discover that this flavor has an almost cult-like following. I guess it just reaffirms the diverse nature of individuality. As the old saying goes, ""one man's junk is another man's treasure."""
"Real Food","I'm a big fan of the Frontier Soups.","Great sausage and lentil soup","I just made a big pot of this soup yesterday. I got 10 servings of more than 12 oz. each, probably because the zucchini I added were on the large side. Next time I'll use spinach or kale, instead. I used mild Italian chicken sausage from the butcher case but next time I'll try the spicier turkey Italian bulk sausage made in another store. (You'll want to remove the casings from the sausage.) Try the other varieties. Many of the soups can be cooked in a Slow Cooker (crock pot) all day long. This sausage and lentil soup cooks in such a short time, it's not worth it. All of the Frontier Soups have little to no salt and they're terrific. Their 11-Bean Minnesota Heartland Soup is to die for. <a href=""http://www.amazon.com/gp/product/B001NG72UQ"">Frontier Soups Hearty Meals Minnesota Heartland Eleven Bean Soup, 18-Ounce Bags (Pack of 4)</a> and no, I don't work for them, but I am a fan."
"Yummy little green things!","Love this stuff! Crunchy and light and best of all it's a snack thats low-carb, high protein, low-","Best edamame I've ever had!","This dry roasted roasted edamame tastes great!  Crunchy and light and best of all it's a snack thats low-carb, high protein, low-fat, and also high in fiber.  Can't get much better than that!  Love this stuff and snack on it almost daily.  Enjoy! ;)  Only negative thing I can think of is that one or two packages out the pack of twelve tasted just a bit burnt.  Not terrible, but not quite as good as the rest...."
"My Favorite of the Mocktails","The Appletini tastes better than crystal lights other mocktail mixes. It does have a slight artificial sweetener aftertaste.","The Appletini tastes better than crystal lights","The Appletini tastes better than crystal lights other mocktail mixes. It does have a slight artificial sweetener aftertaste.<br />If you have used crystal light before you should be used to that. It tasted like one of those green sour apple candies. Like a jolly rancher candy.<br />If you want a quick mixed low calorie drink this CL Mocktail will do in a pinch."
"tastes great, but will cause extreme distress...","I picked this up because I thought it had Splenda, which doesn't give me any problems. But then I found it had Malt","Great for diabetics and gastric bypass people","It bakes up and tastes just like the real thing. I picked this up because I thought it had Splenda, which doesn't give me any problems. But then I found it had Maltitol--which brings down the wrath of god on your digestive system if you dare to ingest more than the recommended amount. I recommend trying a very small piece and then waiting a few hours to see if you have adverse effects.<br /><br />So it's great for diabetics and gastric bypass people but--stick to the exact (or less) portion size recommended on the box. Not even gas-x, ginger, or tums can help you if you eat more than that. And I didn't even have it with frosting--this was one three by three inch square of plain yellow cake.<br /><br />I'll stick to making my own mixes with a combination of Splenda and stevia from now on. But if the giant, indigestible molecules of Maltitol and other sugar alcohols (do not confuse with alcohol that you drink) do not affect you in any way---rock on!"
"I must be nuts about nuts","Great Almonds and they were at a great price. When I bought them I did not know what ""Tamari"" was.","Great Almonds","These are great almonds and they were at a great price.  When I bought them I did not know what ""Tamari"" was. But the best answer is from Yahoo answers:<br />[...]<br />It really works for these Almonds.  I think you will like them if you try them. I bought 12 packs of these and I assure you that they will not go to waste, and I'm not concerned that they will go to the waist. . .<br />[...]<br />Enjoy, I give these 5 stars!"
"The worst packaging I've seen yet","This is by far the worst packaging I've seen in my life. Absolutely disappointed. I'll never buy this one again. The others aren","The worst packaging I've seen in my life","When you open the box and pull out the bag. the bag is 1/4 full of cereal and the rest is AIR. This is by far the worst packaging I've seen in my life. Absolutely disappointed. I'll never buy this one again. the others aren't this bad. Dear GOD this was the worst. the taste isn't worth the aggrevation when you open the box."
"This is AWESOME if you like to eat dry erase markers!","Don't eat this gum. It's like chewing on a green apple stick made of gasoline.","Smells like a dry erase marker","Just open the package and start huffing. The fumes alone will get you going. Seriously, these have the same acrid, chemical bite as a dry erase marker. PHEW!<br /><br />If you're brave enough (or stupid enough, after that smell) to eat a stick, get your trash can ready. This stuff is NASTY. Like seriously, seriously nasty with a hint of green apple. It's like chewing on a green apple stick made of gasoline. YUCK.<br /><br />I'm not picky about my gum, I'm really not, but I wound up spitting this out. When I dared a green-apple loving co-worker to eat one, he bit half of it off, chewed it for a few seconds, then said ""Okay, I'm done"" and spit it out.<br /><br />I suggested we keep it around for interviewees; it would be a great test of character and we could evaluate how our candidate handles the pressure of being offered a piece of gum and then discovering it was poisonous, but it didn't fly.<br /><br />Anyway, stay far, far away from this one."
"Death by cookie","I'm a huge fan of these cookies. They're so gooey and chocolatey that I can't stop eating them.","Delicious and gooey!","These cookies are really gooey and chocolaty, more scrumptious than any human being can withstand! They taste like super rich brownies with the extra quality of being gooey. At 150 calories per cookie, this bag contains enough food energy to blow most bank vault doors off their hinges, so be forewarned! Nabisco has gotten the ingredients right with this one also. As you may know from my other reviews, I am very hard on manufacturers who do not use acceptable ingredients. This has my seal of approval. So, if you are not concerned about counting calories, or if you are one of those rare individuals who actually CAN eat just one, then see if you can withstand the rapture of eating these."
"Great toddler snack-- organic, healthy, and perfectly sized.","The Plum Organics mish mash pouches are healthy, organic, contain blends of different fruits, and are perfectly sized for toddler","My little one can easily hold this pouch and feed himself!","At our home, we all LOVE our Plum Organics mish mash pouches.<br /><br />They are healthy, organic, contain blends of different fruits, and are perfectly sized for toddlers. My little one can easily hold this pouch and feed himself. I feel GREAT about having an on-the-go snack that contains 100% fruit-- NO preservatives, NO sugar, NO colors, NO artificial scary ingredients. Plum Organics even guarantees that these are made from organic, non-GMO fruit and the containers are BPA-free.<br /><br />One warning: the caps on ALL fruit pouches (no matter what brand) are small, round chocking hazards. Be SURE to take the cap off and keep it away from your little ones."
"Like living in Sao Paulo again!","Great coffee!","Best coffee in the world","Having spent 2+ years living in Brazil we got used to their excellent - low acidic - coffee.  Found this on Amazon - with free shipping (Amazon Prime - what a deal) and are again enjoying our fantastic coffee (for less per pound than most other high quality coffees).  We use it in our Espresso maker and I also buy ground (another brand since CBD does not offer gring) to use in our regular Bunn coffee maker - outstanding in all regards.  Buy it, you will be glad you did."
"Very refreshing and well-balanced taste","Great tea!","Great flavor!","I usually buy peppermint tea loose from my local Whole Foods so I haven't used herbal tea bags in a while. This product is very finely balanced to not leave any aftertaste and although I initially though it was a little weak, I've warmed to its more delicate flavor. The tea bags are individually wrapped and like most other herbal teas you can use the bags twice without any noticeable weakening of the drink. I'm looking forward to trying some of their other flavors."
"Pink's Hotdogs","I lived in the Los Angeles area for 20+ years and loved to get a dog from Pink's Hotdog Stand. I've tried ","Loved to get a dog from Pink's Hotdog Stand","I lived in the Los Angeles area for 20+ years and loved to get a dog from Pink's Hotdog Stand. I've tried a lot of dogs over the years, but could not find one with the snap that Hoffy Dogs have and once I saw them online, there was no stopping me. Great Dog."
"THE BEST stevia on the market!!!","NuNaturals has the BEST stevia on the market! I've tried many others but they don't compare, and are also","NuNaturals has the best stevia on the market!","NuNaturals has THE BEST stevia on the market! I've tried many others but they don't compare, and are also full of fillers (who needs fiber with their sweetener?? Just give me the SWEET!). The extract makes it so ""a little dab will do ya"" to satisfy any sweet tooth. And so nice to have a great-tasting, super-sweetening option that isn't a chemical!"
"Lots of Ginger","I ordered a pack of these cookies and I am glad I did. They are great tasting but there were a couple small problems: The cookies are","Great tasting cookies but a few small problems","I ordered a pack of these cookies and I am glad I did.  They are great tasting but there were a couple small problems:  The cookies are so hard and thick they are difficult to bite.  Warnings for those with weak teeth.<br /><br />The second warning is a ginger warning.  They are full of ginger and the taste may remain with you for a while.  This didn't matter to me because I love ginger.  But some people may say they have ginger burn.<br /><br />Otherwise the cookies are delicious and I ate them in three sittings."
"Not too shabby.","I love fizzy juice drinks! I got a case of the blackberry Izzes last year and was hooked!","I love fizzy juice drinks!","I love fizzy juice drinks!!!  I got a case of the blackberry Izzes last year and was hooked!  There fizzy juice drinks are bad if you like izzes you will like these, or any sparkling juice drink.  There is no added sugar which is nice.  The main downside to these drinks is the fact that although these are dubbed ""Black Cherry"", cherry and is the fourth juice listed and the flavor just isn't that strong.  I haven't tasted the other kinds yet so I can't do an analysis and tell you whether not the others are truer to the title, but if you are looking for a bold cherry taste, look elsewhere, or just buy some cherry juice.  Oh, and I've had black cherry juice and it tasted like wood chips to me, so maybe this is a good thing...  haha<br /><br />God Bless ~Amy"
"Not as bad as naysayers make them sound","Try these noodles if you like thai food and are used to the texture of rice noodles.","Not that great as an Italian pasta substitute, but if you like thai food and are used to the texture of rice noodles, for example","These are NOT replacement noodles, let me just say that first and foremost. Not that great as an Italian pasta substitute. However, if you like thai food and are used to the texture of rice noodles, for example, these won't be a disappointment. Just follow the instructions already listed here - rinse them THOROUGHLY (3-5 minutes) before you cook them. They really do absorb the flavor of whatever you cook, so if you're making a cold teriyaki sort of salad for example, leave them in the fridge overnight. I find they're better the 2nd day!"
"Dark Chocolate? Not On Your Life","Don't buy Sweetleaf.","Sweetleaf ""flavored"" products","These Sweetleaf ""flavored"" products are only for people who want something really sweet with just the very barest whiff of some flavor (you probably won't even be able to tell which one it is). If you're looking for a product that's about half sweetness and half flavor, THIS ISN'T IT. I urge you to save your money and look for another solution."
"cat loves it!","Love this product!","My cat loves this product and gives me the evil eye if he doesn't get it","My cat loves this product and gives me the evil eye if he doesn't get it. He also likes the dry Wellness grain free cat food, my previous cat developed diabetes and I switched her to food that has no grains, she lived 15 years (9 with diabetes)This is a very healthy product for cats."
"Best protein bar ever","This is the best protein bar I've ever had.","Best Protein Bars I've Ever Tasted!","These protein bars are so tasty that we have them on auto refill. This flavor does not taste at all like a ""diet"" bar or like any other ""health"" bar we've tried. My picky husband is even willing to eat these. I always keep one in my purse and we keep them in our car. When we're on the go and a ""hunger headache"" or ""hunger shakes"" come on, we reach for one of these bars and we're good to go for 3 or so more hours. We are not fond of all the flavors in this brand line, but the nut crunch line is delicious."
"Peanut Butter Mixer","This is the best unitask tool I've ever purchased!","Best Unitask tool I've ever had!","While others in my family are still a bit skeptical about this purchase, I absolutely love it! I don't usually like unitask tools - they are generally a waste. Usually you can get the same thing done without the extra clutter. But this tool sold me. If you are the one who has usually had to deal with stirring each newly opened jar of natural peanut butter, this is for you! No more mess - seriously! And it's ridiculously easy. Swap the cover for this one, slip in the stirrer, and turn a few times. That's it. Then swap the covers back. Nicely mixed peanut butter. Best purchase I've made in ages."
"Decent cup of single serve coffee","The Solofill and ekobrew coffee packs are a great option if you have a good burr grinder.","Great alternative to the Solofill and ekobrew","These individual pre-measured coffee packs work great in the Solofill and ekobrew.<br />The Grind seems perfect and brewed a decent cup of coffee in my Keurig B70 on the 8oz cup size.<br />Getting coffee with the perfect grind to work in the solofill & ekobrew is a challenge unless you have a good burr grinder so this is a really convenient alternative.<br />I'm more of a dark roast extra bold Kcup drinker and this is a much lighter roast than I prefer.<br />The Flavor I would rate as average but nothing special.<br />reminded my of the average ground coffee you find on grocery store shelfs.<br />Amazon had it priced really low so I gave it a try and it serves its purpoes well at that price point."
"Warning: Plastic shard in Exp Date 2011Jan06E Ginger Cookies with Sliced Almonds","One of my family just found a piece of plastic in one of the cookies. It measures about a half inch long, and an eight inch wide","One of my family just found a piece of plastic in one of these cookies. It measures about a half inch long, and an eight inch wide","<span class=""tiny""> Length:: 0:08 Mins<br /><br /></span>One of my family just found a piece of plastic in one of the cookies. It measures about a half inch long, and an eight inch wide, and is thin. It is stiff, and has sharp corners. Fortunately the person didn't get hurt.<br /><br />We love these cookies and have eaten at least dozens if not hundreds this year. This is the first time we have found something in one of these cookies. The cookie came from a package of Ginger Cookies with Sliced Almonds just delivered this week, with the Expiration Date of 2011Jan06E.<br /><br />Update: no more shards since then, so boosted the rating on the product. Company never responded to email to corporate, however.<br /><br />Also, Amazon price is climbing, cancelled the subscription as local price is good enough."
"Delicious tea","Great tea!","Great tea!","This tea came highly recommended from various friends, but I could never find it at the store.  What I liked about it is that it is not too sweet or overly aromatic while still being very flavorful. I sent a few boxes to my dad, a tea snob, and he can't get enough!"
"Great as a marinade!","I'm Celiac, so finding a teriyaki that's tasty and doesn't make me react is not an easy","Best teriyaki I've ever had","We marinade our steaks in this, and everyone RAVES and wants the recipe. ;-)  I'm Celiac, so finding a teriyaki that's tasty and doesn't make me react is not an easy task. We highly recommend this product.  :-)<br /><br />PS<br />This product we buy one at a time and it's not the $122 range posted here at Amazon. We don't buy it in bulk. We pay about $4 for a bottle max."
"Best Mocha Protein Drink","Great taste and so perfectly light. A hint of coffee and chocolate makes this light protein drink great any time of the day. I drink one everyday, either","Great taste and perfect light protein drink","Orgain's Iced Cafe Mocha is the best. Great taste and so perfectly light. A hint of coffee and chocolate makes this light protein drink great any time of the day. I drink one everyday, either before heading out in the morning to the aerobics class or as a healthy snack in the evening. I have been drinking the Orgain Mocha for years, purchasing them at local stores. July 2012 I ordered a 12 pack from Amazon. It was very easy to order with Amazon, and I was pleasantly surprized when the delivery date was sooner than expected."
"Soft and Melted","The flavor of this cookie is pretty good for gluten-free fare. Texture is nice, too. Not gritty like some cookies I've","Good for gluten-free cookies","The flavor of this cookie is pretty good for gluten-free fare. Texture is nice, too. Not gritty like some cookies I've had in the past. I wish it was crispy like it says in the description. They were soft and crumbled. I could blame it on California weather but it wasn't that hot today (85 degrees maybe). Any way, the chocolate was completely melted and reformed.<br />The ginger cookie is not particularly strong in ginger or spice flavor. The cookie to chocolate ratio is chocolate heavy. What makes it so palatable is probably all the super sweet chocolate they use to cover up the slightly bland ginger cookie underneath. There are 8 cookies per box and four boxes per pack, if you buy them from Amazon. Tip for those who want to try these, order them on a chilly day or you'll get a box of crumbly goo like I did.<br />I gave these three stars because I think they have the potential to be good. And for how limited gluten free cookies and bread options are out there, this is not bad at all. Could have been a lot worse."
"Fast easy meal","I have used this product for several years and it never fails when I am looking around in the kitchen for ""what can I make tonight!!?""","Great product for a great price!","I have used this product for several years and it never fails when I am looking around in the kitchen for ""what can I make tonight!!??"".  I have added sliced smoked sausage, and also boneless chicken breast sliced into strips.  The chicken was a tad bit less spicy, but really good overall.  I have also tossed in a can of green beans drained so I am getting some added vegies.  I think corn would work too.  We probably eat this at least once every two weeks and on Amazon, the bulk price is very good.  It makes enough so my hungry hubby and I have leftovers for someone to take to work the next day."
"I think it works, but that's hard to measure","It's very difficult to tell if this product is working. I applied it around my deck to repel rabbits. We have them in the yard","It's a little expensive for me to purchase for additional applications","It's very difficult to tell if this product is working. I applied it around my deck to repel rabbits. We have them in the yard, and sometimes they hover around the hostas around the deck. I haven't noticed any rabbits near the house since application, but we had rain nearly every day for a week, so I'm not sure if the product is effective anymore or not. I also sprinkled it around one of my gardens that doesn't have a fence to deter rabbits, groundhogs and moles. Since I don't have a camera set up, and I'm not monitoring it round the clock, I just can't tell if it's keeping all or some of them away.<br /><br />When I sprinkle it on, the product has a very strong smell of black pepper. It's easy to apply, but doesn't go very far. It's a little expensive for me to purchase for additional applications.<br /><br />For those wondering what the other 99% of inactive ingredients might be, I'm 99% sure it's sand. So, this is black pepper, Piperine, and Capsaicin, and a ton of sand. If they made it in a liquid that customers could mix with sand for spreadability, I wonder if they could make it at a better price."
"Great salt, absurd price.","I have used this salt for years, but recently my local groceries have stopped stocking it. $11 for 8lb, is over TWICE","No iodine, and not a gourmet salt","I have used this salt for years, but recently my local groceries have stopped stocking it.<br />On the one hand, it has a fantastic grain size for party mixes, popcorn, spice blends, and deserts. No iodine, and little anti-caking made is an easy choice for many recipes.<br /><br />On the other hand, this is not a specialty, gourmet salt. $11 for 8lb, is over TWICE the 2.11 per box I was paying at Safeway. Add shipping, and I'm sure there is a better choice.<br />Just grab any pure salt ( not Sea Salt please, unless it time traveled back from 50,000 B.C. ) and grind it by hand until it is very fine. Volia!"
"so so good","I love the insanity sauce.","YUM!","OMG, my wife got this for Valiantness Day. Yes, that should tell you something. I love to eat the insanity every time I go to East Coast Wings, for fun. Yes, Im that stupid. And I like it stupid hot. This is one of the tastiest sauces so far. I lave Dave's Insanity and Pure Cap. Please don't underestimate this as it is fabulously hot, 5 alarm. It has a pleasant taste. Yes! I put some on my finger and tasted it. I love it! Please be warned that everyone in my family says my taste buds are scorched. You were warned. If your a scorcher you love the sauce."
"Candy Nostalgia","B-B-Bats is an early dime-store candy favorite. ...and I wouldn't turn down a chocolate or ","B-B-Bats","...an early dime-store candy favorite.  Thinking of B-B-Bats candies brings back even the smell of the 5-and-10-cent stores in the NY suburbs.  Summer fun, trading baseball cards, jumping in the pool. My favorite flavor was always banana, but I wouldn't turn down a chocolate or a strawberry if that's what was left in the bin..."
"Tastes like coffee smells!","I've had my Keurig for about 18 months, and I have tried half-a-dozen different ""extra bold"" blends","Best coffee I've had in a long time!","I've had my Keurig for about 18 months, and I've tried half-a-dozen different ""extra bold"" blends.  This is one I keep coming back to.  The aroma is perfect and the flavor matches it.  I drink my coffee black, and I like it strong.  This ""extra bold"" produces a strong cup of coffee on the Keurig large mug setting.  Highly recommended!"
"Charly loves it!","I have been making the food for my little Maltese since the pet food scares a few years ago. I use Halo dry food","My little Maltese loves Halo dry food","I have been making the food for my little Maltese since the pet food scares a few years ago.  I use Halo dry food for little treats for him and if I run out of the home-made and can't get a batch done before his next meal.  I trust Halo products, they're made of real food items, just like the food I make.  I tried the salmon first and Charly loved it, but I didn't like the smell of it much.  Once that was gone, I gave the chicken a try.  He loves that also and it doesn't have the same smell, so I like it better."
"Highest quality coconut milk","Chaokoh is by far the highest quality coconut milk you can purchase. It is recommended in many cookbooks including a href=""","Chaokoh is by far the highest quality coconut milk you can purchase. It is also highly recommended by professional chefs.","Chaokoh is by far the highest quality coconut milk you can purchase. It is recommended in many cookbooks including <a href=""http://www.amazon.com/gp/product/1416580573"">Stir-Frying to the Sky's Edge: The Ultimate Guide to Mastery, with Authentic Recipes and Stories</a>. It is also highly recommended by professional chefs.<br /><br />Unlike the other reviewers I had no issues with my cans of milk being damaged in any way. A few looked like they had dents but it was actually just a pressure difference between the inside of the can and the outside. As soon as I broke the seal with my can opener the dent popped right out. They must can these hot at the factory which causes a pressure drop as they cool."
"best crackers","I stopped buying these because so expensive in the grocery store. But they really are the best crackers.Do not go stale in one day.","Best crackers for cheese and wine","I stopped buying these because so expensive in the grocery store. But they really are the best crackers.Do not go stale in one day.<br /> Problem is if you get a case you give them to everyone to share your good fortune of having the best tasting crackers for cheese and with wine and then you are down to 2 boxes."
"My dog loves these!","Great for a quick lunch or dinner.","Great for our corgi","We usually buy the small ones for our corgi, but he ends up finishing it all within 5-10 minutes. With the medium one, it actually lasts him days and he'll usually only eat a 1/4-1/2 of it in a day. Well worth it! I was skeptical with the 4 pack compared to the 20pack of the small ones, but these actually last longer."
"Great for stir frys","Great noodles for a stir fry.","Great buckwheat noodles","I wanted to try buckwheat noodles for a while, and finally found these at the store.  We tried them in a stir fry and it worked out great.  They do seem a little salty, and apparently that is just how they are based on another review, so be careful adding salt to the water when cooking.  We use them in a beef and pepper stir fry with a homemade sauce and they are a perfect match.<br /><br />We use one package, 1 lb beef, 2 peppers, 2 onions and that makes 4 dinner servings to give you an idea of how much is in one pack.  Cook as directed and add them in at the end of the cooking to heat through."
"Brilliant Blend makes a delicous tea with a new flavor","I love Earl Grey tea but like anything it can loose its spark. Well this is a really creative way to enjoy the same tea with a nice","Cool idea!","What cool idea to take a delicious Earl Grey tea and blend it with Lavender Flowers.<br /><br />I love their Earl Grey tea but like anything it can loose it's spark. Well this is a really creative way to enjoy the same tea with a nice, new twist to the flavor.<br /><br />Cold or warm, you find that the tea is delish and refreshing."
"Amazing coffee!","I absolutely love this coffee and even though I live in a metropolitan area, I'm unable to locate it in stores so i have begun","I love this coffee, but I can't find it in stores","I absolutely love this coffee and even though I live in a metropolitan area, I'm unable to locate it in stores so i have begun to purchase it online through Amazon.  I have to say that I am disappointed that my order sits for 7 days before it is even shipped.  I ordered it on September 20th and the expected arrival is not until October 7th.  Really????"
"Something was seriously wrong with this case!","We LOVE this Gingergizer and ordered it regularly, but the last shipment we got had something wrong with it...the color was lighter than usual, but","Not the best Gingergizer I've ever had","We LOVE this Gingergizer and ordered it regularly, but the last shipment we got had something wrong with it...the color was lighter than usual, but we opened a bottle anyway and drank some and the taste was totally different and very unpleasant.  To be certain it wasn't just that one bottle that was contaminated, we opened a second bottle, but it was rancid too.  Since grocery items cannot be returned, I guess we are just out the $20+ cost.  I'd like to keep ordering it and would do so if I knew this one contaminated shipment was a fluke; we had ordered it many times before -- at least 6 or 7 cases, and never had a problem so I don't know what happened."
"Actually works","Great shampoo for psoriasis","Good for psoriasis","My husband has bad psoriasis on his scalp. Nothing made the flaking go away until this shampoo. He only has to wash his hair every other day and no more snow storm on his shirt. I am not a fan of all the ingredients. It has a lot of chemicals in it. We try to do no chemicals in anything. Since this works so well, he will continue to use it but less frequently."
"THis stuff rocks!","Great popcorn!","Great popcorn!","This stuff is great!  We ditched the microwave stuff a while ago.  I don't understand the negative reviews.  I use a heavy bottom stainless steel pot.  Heat the oil(a bit extra does not hurt) pop the kernels, and remove from the stove. Then add a bit of salt and toss the popcorn (with the lid on).  Then add some more oil (remember it is popping oil and topping) and toss again to coat the popcorn.  The result is just like movie popcorn, our family will eat a double batch during one movie.  Walmart does sell this stuff for $3.00 and change."
"Enjoyable, but just not for Me.","Don't waste your money on these candies.","Not enough for what I paid for them","I liked these candies but not enough for what I paid for them. This is possibly due to the fact that I have never had Japanese candy and this being my first experience I may have gone into this with the wrong mindset. I may  be willing to give these a second chance in the future."
"Very sweet, not terribly healthful.","I thought I was doing my kid a favor when I invested in a case of Earth's Best dinners. Unfortunately, the second ingredient (","My kids don't like applesauce.","I thought I was doing my kid a favor when I invested in a case of Earth's Best dinners.  Unfortunately, the second ingredient (after water) for all of these is....applesauce.  Or in the case of the ""Sweet Potato & Chicken"" variety, it's sweet potatoes, followed by apricot puree.<br /><br />After getting used to the sweetness of these (try 'em - they're like jam), it's difficult for kids to adjust to ""real"" food.  From now on, I'm going to stick with just pureeing home-cooked food.  It's a lot cheaper, too."
"Tastes like dirty water","I got this 3 pack because I LOVE Jamaica me Crazy K-cups (which is what I thought they would be) but, regardless, when they","Nothing like Jamaica me Crazy K-cups","I got this 3 pack because I LOVE Jamaica me Crazy K-cups (which is what I thought these would be). But, regardless, when they arrived and I realized they were pods I thought ""Oh well, I can still use them in my Kurig.""... But these taste nothing like the K-cups! I mean, NOTHING. ...dirty water. I can't imagine any kind of single cup brewer somehow magically making these things taste good."
"good coffee","Great coffee at a great price.","Great coffee at a great price","I'm a bit of a coffee snob, but for the price of these beans I had to try them. The beans look great: dark and oily. Just brewed my first pot and it's good. It's not super strong, and maybe that's because this is ""Gold Cup"" (I'm not familiar with all of Cameron's roasts), but fresh out of the pot it's still tasty. Not my favorite because I like a stronger kick, but for the price this is a fantastic buy. Haven't let it sit in the pot for too long yet so we'll see if it turns into gas station coffee in half and hour, but hopefully not."
"Comfort Food without the guilt","I am in heaven eating this mac & cheese. Yes, it isn't as ""flavorful"" as Kraft... but just as","Great Mac & Cheese!","I am in heaven eating this mac & cheese.  Yes, it isn't as ""flavorful"" as Kraft... but just as easy to make...kids love it & I get to eat it too.  It is my ""go-to"" side dish or lunch.  And, it's only 3 pts. (Weight Watchers) for a very satisfying, HUGE serving.  Thank you Fiber Gourmet!"
"Sugar Free Pillsbury Cake Mix","I have been looking for this in my local stores for a long time but since I live in a rural area it wasn't available. I","Great for diabetics","I have been looking for this in my local stores for a long time but since I live in a rural area it wasn't available.  I was thrilled when Amazon offered it since my husband is diabetic and can't eat regular desserts. It is a good base for several desserts other than layer cakes too."
"Pleasant taste, not too sweet","Switch is a fruit juice that has been mixed with sparkling water to give a refreshing flavor.","Switch Fruit Juices","The Switch line of beverages feature fruit juice that has been mixed with sparkling water to give a refreshing flavor.  This one has a mild watermelon flavor with strawberry overtones.  One of the great aspects of Switch is there is no added sugar.  This means that their juices are not overwhelmingly sweet, but instead are thirst-quenching with great fruit flavors."
"Love these but all items in box are stale.","I eat one of these a day and I love them. I decided to order off of Amazon because of free shipping. The entire box is totally","Discolored and gross","I eat one of these a day and I love them. I decided to order off of Amazon because of free shipping. The entire box is totally stale!!!! I know what fresh ones taste like and these are discolored and gross. I can't eat them, what a waste of money. Boo."
"Delightful Earl Grey Tea!","br />St. Dalfour's Certified Organic Earl Grey Tea is made from hand-picked, organic Ceylon tea","Definitely a must-have!","*****<br />St. Dalfour's wonderful Certified Organic Earl Grey Tea is made from hand-picked, organic Ceylon tea. The flavor is enhanced by ""the all natural flavor or bergamot orange"", which added interest and made my tea experience delightful. The orange flavor was subtle, not overwhelming at all. I left the tea bag in as I drank the tea (the whole time, much longer than recommended), which turns most teas bitter, but not this one.<br /><br />St. Dalfour is a French firm that makes natural teas, including this organic tea. There is not a lot of information about them on their web site beyond the basics, but what is there looks good.<br /><br />Earl Grey teas are one of my favorite black teas, so if you are a fan also, this tea is one not to miss. Note that black tea does contain caffeine.<br /><br />Definitely recommended.<br />*****"
"worked perfectly","Spray on the encroaching blackberries.","No more encroaching blackberries","Used this last summer when the blackberries from the neighbor usually try to take over my property. No more having to cut them every week, just did a little spraying on the encroaching branches and stopped them in their tracks, no more hassle. Don't expect this to kill stuff in a day or 2, give it 2 weeks after spraying to see the results."
"My favourite tea by far!","I love this tea! Not only is it good for your immune system but it helps acheive a clear complexion which is why i bought it","Good for your skin","I love this tea! Not only is it good for your immune system but it helps acheive a clear complexion which is why i bought it in the first place. It also is a powerful antioxidant! I highly recommend it if you're looking for beauty on the inside and out!"
"Nectar of the Gods","I highly recommend this product and would also recommend mint tea ( as hot and strong as you can stand it) sweetened with a touch of honey.","Good for the kids","I have three children in my home all under 6.  Needless to say the kids have a knack for bringing home cold a flu bugs every few weeks.  After taking Emergen-C I have not been sick at all.  I also don't take the whole recommended dose either.<br /><br />I take a packet once a day before bedtime and it seams to do the trick.  I highly recommend this product and would also recommend mint tea ( as hot and strong as you can stand it)  sweetened with a touch of honey.<br /><br />Every year here in the Pacific Northwest and all across the snow belt cold a flu can really become a serious thing.  Supplements that are truly absorbed by your body really make a big difference.<br /><br />This product also seams to work even better than Airborne"
"The BEST!","We are on a NO MONSANTO diet, so we seek out organic grains that are not grown with Monsanto's Frankin","Great popcorn!","We are on a NO MONSANTO diet, so we seek out organic grains that are not grown with Monsanto's Frankinseeds. Plus we seek organic whenever possible because we believe they are healthier and we know they taste better. This popcorn is wonderful. It pops up light and flavorful with a deep old fashioned popcorn taste that modern popcorn can't touch. After eating Amish popcorn for so long, I began to doubt my tastebuds. Is it really that good? I thought. So I tried some Orville R. I popped in my regular way and I tried some microwave. Both tasted like salty styrofoam compared. There IS a difference.<br /><br />Tips:<br /> We don't like air popcorn so I use a round, domed popcorn maker, I think Amazon sells it. Use coconut oil instead of vegetable oil. It is outstanding, and tastes like movie popcorn did a long time ago. I was told that before coconut oil became a health food fad, it was dirt cheap and that movies used it to pop their popcorn (when they used to have giant popcorn machines in the theater). I also use butter sometimes. Yeah, it's me and Julia Child against the world.<br /><br />For another really good taste, sprinkle on Spike instead of salt. It's amazing.<br /><br />Use popcorn salt instead of regular. It is finer and sticks to the popcorn better. I take Kosher salt and put it into a coffee grinder (not used for coffee) to make popcorn salt, but you can buy it, maybe from Amazon. I haven't checked.<br /><br />Keep the popcorn you are not going to use within a couple of months, in the freezer so they don't dry out. Dried out kernels don't pop very well."
"Delcious and Ready For Spring & Summer","Pink lemonade is one of my all time favorite drinks, so when I saw Pilsbury had this beautifully pink ""Pink Lemonade""","Pink Lemonade Frosting","Pink Lemonade is one of my all time favorite drinks, so when I saw Pilsbury had this beautifully pink ""Pink Lemonade"" frosting, I had to get it. I paired it with their ""Pink Lemonade"" cake mix.<br /><br />I think I died and went to pink lemonade heaven! Actual lemon flavoring gives this just a hint of tartness, while the sweetness drives you mad! The gorgeous pink color says ""Easter"" and ""Spring""!<br /><br />Perfect for dessert for the family, or the ladies tea.<br /><br />I highly recommend this yummy frosting! [Try it with the cake mix too!]"
"Nice healthy snack","This is a great healthy snack.","Great Healthy Snack","Bought this after a friend gave one to me. Found it to be cheaper here in Amazon. This sesame snack is tasty.Not too sweet. I am not really a health buff but this is one option to have a healthy snack compared with doses of potato chips that I have been having lately. The only drawback that I had was having to eat this with braces on. I lost a bracket just by biting this. I had to be careful the next few bites. Overall, a great healthy snack."
"very good rice","Do not overcook this rice.","Overdone rice","I buy this from Amazon because our local grocery stores do not carry any form of this rice. Just do not overcook this. I tried it in a rice cooker so it would be done when I came back home. It was way overdone -  just follow directions on the box."
"Excellent strong coffee","Watery compared to the Senseo. I actually like the dark roast better than this, but the rest of my crew thinks it's","Watery compared to the Senseo","Just experienced a weekend of Keurig coffee.  Watery compared to the Senseo.  I actually like the dark roast better than this, but the rest of my crew thinks it's too strong.  We drink A LOT of this in my office.  Once you start with Senseo coffee the other stuff tastes like dishwater"
"delicious and addictive!!!","i'm a big fan of spicy food, and this is one of my favorites.","great stuff!","i ran across this over the winter and spread about 1/3 of it over a block of cream cheese and served it with crackers. guests ate it up and asked where i got it.<br /><br />i quickly ran out and inadvertently threw the jar away before jotting down the name. went back to where i got it (an emporium), and it was gone. just found it again, and i am ordering several to have for parties as well as to give as gifts.<br /><br />this stuff is fantastic!!!<br /><br />i, too, am not a fan of spicy, but when you serve it on cream cheese, it keeps it calm for the palate.<br /><br />highly recommended!!!"
"Thick oats; not too sweet...","This granola is sweet, but not overly so. There is a very light taste of coconut and sesame.","Sweet, but not overly so","These oats are nice and thick (like all Bob's red mill granola).  This granola is sweet, but not overly so.  There is a very light taste of coconut and sesame.  There are not too much of either in the granola so if you want a super coconut filled granola you'll have to look elsewhere.  However, I find that there is just enough coconut and sesame to make this a perfect breakfast/snack granola."
"Great cookies!!","I received a sample of this product to test from Influenster. The Quaker Soft Baked Oatmeal Cookies were much more moist","Great for kids!","I received a sample of this product to test from Influenster.The Quaker Soft Baked Oatmeal Cookies were much more moist then other brands. Also I like the fact that it's made with whole grain quaker oats and it provides a good source of fiber. These are a great thing for kids to eat!! [...]"
"Finally! :)","I've tried a lot of sleeping pills, but this one worked for me.","Good for a good night's sleep","Like everyone on here I always have a hard time sleeping. Maybe 2-4 hours a night. I hate sleeping pills and have tried everything natural. The first time I tried this I was soothed into peaceful sleep. I had really awesome dreams too. Slept 8 hours. The 2 most important things about this drink<br />1. I actually slept through the entire night (which never happens)<br />2. I didn't feel groggy at all in the morning.<br /><br />I use it once or twice a week now. The store near my house just had them on sale for $1.99 a bottle! Good deal for a good night's sleep.<br /><br />You should seriously consider trying this if you have trouble with sleeping."
"My Favorite Hot Chocolate","I love The Coffee Bean & Tea Leaf's Special Dutch Chocolate Powder. I've tried many hot chocolate drinks, and this special Dutch chocolate powder","The Coffee Bean & Tea Leaf's Special Dutch Chocolate Powder","I love The Coffee Bean & Tea Leaf's Special Dutch Chocolate Powder. I've tried many hot chocolate drinks, and this special Dutch chocolate powder is one of the best. It's flavorful, smooth, and doesn't leave much residue in my mug after I'm done with the hot chocolate. The 22 oz. container is the perfect size to serve your whole family, and it lasts for a while. And you can use the nice container for other stuff after the chocolate powder is gone. This Coffee Bean and Tea Leaf Dutch Chocolate Powder mix is multi-functional as well. On the container, there are recipes for not only Hot Chocolate but also Cafe Mocha and Coffee Bean & Tea Leaf's Original Ice Blended Coffee drink. The chocolate powder contains 15% calcium, 4% vitamin C, 2% iron, and five grams of protein per serving size. Since there are no Coffee Bean & Tea Leaf stores near where I live, it's great to order Coffee Bean & Tea Leaf products online through Amazon or The Coffee Bean & Tea Leaf's website. I also highly recommend The Coffee Bean & Tea Leaf's Vanilla Caramel flavored coffee, Raspberry Cream flavored coffee, Limited Edition Blueberry Streusel flavored coffee, Blueberry Peach Green Tea, Spring Peach Oolong, and Lemon Chamomile. Anyways, I give a big thumbs up to the Dutch Chocolate Powder mix!"
"Best brown organic brown rice I have had!","Great rice!","Best brown rice I've ever had!","I just picked this up at my local grocery store because it was the only organic brown rice they had and I was pleasantly surprised! It cooks really well, not sticky at all (I use a bit of coconut oil and cook it in organic vegetable broth.) Tastes great! I am not typically a brown rice lover but this kind was really good. My kids and husband ate it and asked for seconds as well. Was delighted to see it on Amazon and for such a great price with subscribe and save so I just stocked up!"
"Avoid these treats!!","We got these at Costco, but same brand and size. Our dog didn't get sick immediately, but a friend at the dog park mentioned","Our dog urinated 3-4 times in the morning and in the evening","We got these at Costco, but same brand and size.  Our dog didn't get sick immediately, but a friend at the dog park mentioned some issues with this brand so we looked around and saw mixed reviews, but most of the really bad reviews were old (2007 or so), so we didn't stop giving them to her altogether, although we didn't give her many either, although she seems to love them.<br /><br />A few days/weeks went by, and then last week we noticed that she was peeing 3-4 times in the morning and in the evening, when she normally would go 1 or 2 times depending on how much running around she did.  At that point we decided to stop giving her any of these treats, and within a few days she was back to normal.  Since other people complaining about these treats mentioned renal failure, and urinating often is a sign of this condition, I'm assuming there's a direct connection as it was immediately after giving here these treats that she started having any issues/conditions with urination."
"Great alternative pasta","This is a great pasta. I want an alternative to whole-wheat pasta, which I do not care for, and this was far better","Excellent tasting pasta","This was excellent tasting pasta.  I wanted an alternative to whole-wheat pasta, which I do not care for, and this was far better than I hoped.  I like this as much as regular white pasta.  It has a great taste and nice texture. I will be buying it again.<br /><br />It is not hard to cook.  I boil the water.  I use less water than the box recommends because my favorite pasta pan is smaller.  I put enough to cover it at least an inch and a half.  I add a bit of salt, about a teaspoon (less for pesto and more for some tomato recipes).  When the water boils, I add a splash of olive oil and the pasta.  I boil it 8 minutes. Add sauce of choice."
"Ew, Gross, Nasty!","I would never buy this! I couldn't bring myself to put more than that in my mouth! The Aloe Vera feels like little gel","I don't know what to say about this!","I know, mature title.  Couldn't help it, those are the nicest words I can use to describe this stuff!  I could only take one taste, couldn't bring myself to put more than that in my mouth.  The Aloe Vera feels like little gel balls.  I gave it to my husband to try.  He had the same opinion and that's rare, we never agree on anything!  I would never buy this, I will never put this in my mouth again and wouldn't wish it on anyone else!  Enough said!"
"Excellent product to help win the battle of getting kitty to take her pills.","This is one of the best inventions I've ever used--a product that actually makes your cat WANT to take his/her pills!","This is one of the best inventions I've ever used--a product that actually makes your cat WANT to take his/her pills!","This is one of the best inventions I've ever used--a product that actually makes your cat WANT to take his/her pills!  Just put the pill inside the pocket, and mold the soft treat around the pill.  Give to your furry friend, and enjoy a safe, drama free pill delivery.  If only I knew about this when my cat, Jack, needed heart medication.  It would have saved both feline and owner much drama."
"HOLY MACKEREL!","I am officially addicted! I just bought a jar of this heavenly yumminess and I am a peanut butter convert! (","I am a peanut butter convert!","OH.MY.GOD. I AM OFFICIALLY ADDICTED! I just bought a jar of this heavenly yumminess and I am a peanut butter convert! (as in I've officially converted to peanut butter for life) could this be any yummier? this is seriously like dessert that i could shovel in my mouth forEVER! can i just say that i have eaten well over three servings of this stuff? BE WARNED scoop out a well-proportioned chunk of this stuff or you will not be able to fit into those jeans the next day. oh who am i kidding, i'd just eat 3 more of those servings. I also think I'm on a slight sugar rush. *swoon*"
"everything you want for your little one","I was sad when I wasn't able to breastfeed anymore when I became pregnant again(lost my supply) and picking a formula was","Earth's Best Organics","I was sad when I wasn't able to breastfeed anymore when I became pregnant again(lost my supply) and picking a formula was hard. After much research I found Earth's Best organics to be a very easily accessible organic formula, the transition was easy and my baby has no trouble digesting it. It's great choice you can feel good about giving your baby. I would recommend it for any mom who is unable to breastfeed, but if your baby's not here yet and you're looking at formulas, remember 'breast is best' and always try that first."
"Tasty low cal cocktail","You can't go wrong with tequila.","Very tasty margarita mix","This is a delicious margarita mix alternative.  You can even taste the hint of salt and lime in it.  Very tasty, indeed.  Without alcohol, its a mere 5 calories, but what's the point? For me, I like margaritas because of the tequila.  So, I did some math and mixing.  Adding 1 cup (8 ounces) of Jose Cuervo Especial to the 2 quart mix makes each 8 ounce glass approximately only 70 calories (each 1 ounce of tequila is 65 calories).  This is more than 70% less calories than in a standard Jose Cuervo margarita which is 240 calories per 8 ounce glass.  How awesome is that?  Thanks Crystal Light, another product well done."
"Cats Love It!","Bench & Field's Holistic feline formula","Holistic feline formula","We have three very different and fussy cats and Bench & Field's Holistic feline formula satisfied them all.  One cat has been on very expensive ""bladder control"" formula for a long time.  Since we introduced this product four months ago she has had no bladder problems.  The only down side of this product is they all love it and beg for more."
"Great Gum!","Great flavor!","Great flavor!","I just got this product from amazon.com and it is great! It arrived 3 days before the estimated arrival time. I ordered the green tea flavor and it is fantastic. Direct flavor only lasts about 2 minutes but the after flavor will linger in your mouth over half an hour while still chewing. Gum pieces are pretty small but at $8.25 for 100 pieces just pop two in!"
"Best snack ever!","I'm a big fan of these almonds. They're the best tasting almonds of the bunch. The butter toffee tastes natural","Best tasting almonds of the bunch","I got these at my local Publix. They're the best tasting almonds of the bunch. The butter toffee tastes natural and the almonds are of good quality. They also make dark chocolate covered almonds. They taste like Cocoa Puffs but are still pretty good if you're looking for a cocoa kick instead."
"Not as bad as the Mojitea","I have never been so motivated to jump online and review a product. There is nothing delicious or refreshing about this tea, and the only reason I gave","Not a fan of this tea","I have never been so motivated to jump online and review a product.  There is nothing delicious or refreshing about this tea, and the only reason I gave it two stars is so that I can save the one star rating for the Mojitea.  I'm not sure how they combined basically yummy ingredients to create a gross beverage, but I wonder if anyone taste-tested this before it was put on the market.  The flavor is overwhelmingly honey with a hint of black tea, but not sweet pure honey flavor, more like the stuff you might lick off the dirty floor of the room where the honey is removed from the comb.  Yuck!"
"I like this...","It's not cheap, but it tastes good. I bought it to use in meals for my mother, who has been confined to bedrest and","Good for diabetics","This product isn't cheap, but it tastes good. It tastes a lot like brown sugar, in my opinion.<br /><br />I bought it to use in meals for my mother, who has been confined to bedrest and was recently diagnosed as a diabetic. So far, I have only used it to make a lower-carb poppyseed dressing for the chicken slaw she likes so much. When the weather is cool enough to bake, I'd like to make her some coconut meringues using partly this sugar, and partly something else such as Splenda or xylitol.<br /><br />My mom takes Glucophage and has had fairly good blood sugar levels when she eats reasonably, so I'm probably not the best qualified to comment as to how it could affect someone whose diabetes is more severe.<br /><br />My only suggestion would be for the company to consider going with a different bag, since the zip-close top on this doesn't work, and I'm keeping it in another bag. FYI, the carbs listed for this product are the same as regular brown sugar, although I understand different carbs metabolize differently."
"No more hairballs","Great for my cat!","My cat loves this food!","My 13 year old male cat had a lot of problems with hairballs and vomiting.  We had tried several foods (including those specifically for hairballs) and none of them helped.  Since he started eating this food about a year ago, things have been greatly improved.  It's only very rare that he will vomit or have hairball issues anymore.  Also, his coat is shiny and he seems to love the taste!  I definitely recommend this food."
"Best flavor - not too weak - doesn't curl your hair","Great tasting coffee!","Great tasting coffee","Over the last year and a half we have been trying all different coffee for our Keurig and making our friends and family do a taste test whenever they drop in.<br />This coffee far and away won everyone over except uncle Pete who likes his coffee to look like chocolate syrup and make your eyes pop.<br />Mild but not weak. Great tasting.  The only coffee we will be serving at our house from now on. I have just put it on auto delivery. Love it !"
"Funny not really spooky","This is a good movie, but it's not as scary as Freddy's or Jason's.","Not too scary, but not too scary","The humor is definitely there, my favorite part at the dinner table and they are all singing. Not too scary depending on age I guess. When I was a little kid I was already watching freddy and jason movies with my dad so this movie was nothing to me when i got around to watching it.  I like the plot but felt that beetlejuice should have had a bit more screen time."
"Tasty Treat","Try the South Beach Diet Bar (Dark Chocolate) if you're trying to lose weight.","The South Beach Diet Bar (Dark Chocolate)","The South Beach Diet Bar (Dark Chocolate) offer a tasty but relatively healthy treat.  It has a rich though not overly sweet taste and is fiber rich while low on calories.  Don't expect it to taste like candy - this is a granola bar, after all - but it does offer a rare treat for those trying to lose weight.  While the heavier fiber intake may make it a little bit of an acquired taste, the chocolate makes it a lot easier to acquire.  If the rest of losing weight could only be this easy!"
"The Best Mix I've Ever Tried!","Best waffle mix I have ever tried!","Best waffle mix I have ever tried","The first time I tried this mix was at a hotel a couple of years ago. It was so great I had to write the name of the mix down and look it up online. I've had it several times since then at other hotels but never actually got around to ordering it and in the meantime have tried multiple homemade recipes and store bought mixes hoping to find something as delicious. Well, I never did and simply put... this is hands down THE BEST mix I have ever tried! I finally ordered a case and took it on a family vacation for breakfast. All twelve of my family members thought it was great too. I love the sweet flavor of it and the waffle itself actually tastes good without having to put a bunch of syrup on it (even though I still do). It's great!"
"VEGANS are great","I ordered these from Amazon and she took the rest of them back to Seattle, Wa. Great Success story. Hope to find other varieties..","Great Vegan Snacks","Not all vegan snacks are that good but my daughter was recentley diagnosed with a dairy allergy.  She was coming home and we live in a small town with no access to better quality vegan snacks.  I ordered these from Amazon and she took the rest of them back to Seattle, Wa.  Great Success story.  Hope to find other varieties..  BK Richardson"
"Awesome Set","Love them!","Great Potatoes","I had a set that I bought from some catalog a few yesrs ago.  Didn't think would ever find them again.  I use them to make baked potatoes in the microwave.  Just rub them with alittle margarine and they are quick and just wonderful.  Real soft and juicy.  Alot quicker than the oven and just as soft and juicy.  Love them..."
"Cool Feeling","I've been using this shampoo/conditioner for the last couple weeks and it's without a doubt the best dandruff shampoo","Best dandruff shampoo/conditioner","I've been using this shampoo/conditioner for the last couple of weeks and it's without a doubt the best dandruff shampoo/conditioner that I have come across--better than Head and Shoulders.<br /><br />While it's not as highly medicated as Head and Shoulders, it's just as effective and my hair doesn't feel weighed down or sticky.  Also, my hair is softer and my scalp feels like it can breath."
"Small plant not even close to 9 inches","This is a really small bonsai. Not worth the money I have spent including the shipping. This one is close to 5 inches including the","Not worth the money I have spent","This is a really small bonsai. Not worth the money I have spent including the shipping. This one is close to 5 inches including the pot. The plant itself is close to 2.5 inches.<br />I want the money back on this item.<br />If I could rate it with NO stars I would have."
"Still have not received this item","0","0","The rating above should be ""0"" because:<br /><br />I'm very glad you offer this ""Review"" feature as it has been quite some time since I ordered this item and still have not received it!  And I do not have the information about who I ordered it from to follow up.  Please help.<br /><br />Thank you..."
"Makes delicious Fettuccine Alfredo","Great fettucine alfredo!","Great fettucine alfredo","My mom made fettucine alfredo out of these noodles and it was delicious. I expected it to have a weird taste or be like chewing rubber bands but it wasn't at all! I know these noodles have A LOT of negative reviews, but what do you expect from something that is calorie free? I would rather eat these than regular noodles, my husband would too because he can't have gluten.<br />Give these a chance and be sure to follow the instructions when preparing. I will be ordering these soon."
"chocolate brookside","The taste is okay but the product is okay if you consider it candy and not a health supplement.","Taste is okay but not a health supplement","The taste is okay but I think it would be much better if there was more fruit in it.<br /><br />2 pounds is an awful temptation also.  I ended up giving these away because I felt guilty about the calories but the product is okay if you consider it candy and not a health supplement."
"Didn't last long...","Great fudge, but not the best I have had.","Great fudge, but not the best of the bunch","My grandmother used to make homemade chocolate walnut fudge, and it was delicious.  I recently had a craving for it but grandma was otherwise occupied, so I bought this, but wasn't really expecting it to be as good as homemade.  I was pleasantly surprised.  This is very good fudge--not perfect, but irresistible nonetheless and the two of us ate the entire package in less than a week!  The flavors with walnuts/pecans aren't chock-full but have enough pieces, of large enough size, to get a good taste in every bite.  The maple and vanilla are both very sweet but I also thought they were the best of the bunch--rich, sweet, creamy, and the maple flavor was excellent. The vanilla flavor didn't come through quite as strong, it tasted more like generic ""white"" chocolate/fudge, but was delicious.  The chocolate was good, but not remarkable.  I would say it was worth the money, but not the best I have had.  The peanut butter had a good peanut butter flavor and was extremely rich--something about the flavor seems a little bit off, and this was definitely my least favorite of the bunch, but with that being said we still finished it off and overall were pleased with the purchase.  If you are buying it with your heart set on the peanut butter, I might look elsewhere.  Otherwise, I would recommend.  I would feel good about giving this as a gift as well to someone who enjoys rich, sweet candy."
"No celery, hooray !","This is the only soup I can find that doesn't have any celery.br />I read that cooked celery is bad","This is the only vegetable type soup I can find that doesn't have any celery.","This is the only vegetable type soup I can find that doesn't have any celery.<br />I read that cooked celery is bad for you. Raw celery is good.<br />This soup tastes good with bread and mayonnaise.<br />It only has 135mg sodium per serving. Compare that to 890mg in Campbell's vegetable soup.<br /> It also has broccoli and tomatoes in it. That combination has been recently discovered to shrink prostate tumors. But more than a cup of each is recommended."
"Diabetics, this is for you!","This cake is so moist with a rich vanilla flavor. I made a cake and had a piece and then froze the rest in","Best cake I've ever had!","This cake is literally BETTER than the sugar kind! It is so moist with a rich vanilla flavor. I made a cake and had a piece and then froze the rest in individual pieces for next time I need a ""sugar"" fix. You will not miss a thing as far as cake goes...it's soooooo good!"
"Agility and obedience training treats","My dog has been blowing her contacts in agility trials, and my friend suggested using these special treats ONLY when training the dog walk, A-frame,","My dog has been racing to the contacts in agility trials","I ordered the Merrick lamb lung treats on the advice of a dog agility friend who had great success with them.  My dog has been blowing her contacts in agility trials, and my friend suggested using these special treats ONLY when training the dog walk, A-frame, table, and see-saw.  After just two training sessions, my dog is once again racing to the contacts and sticking them.  My fingers are crossed that this behavior will carry over to the trials, but with the help of a clicker and these apparently very appealing treats, I'm seeing renewed confidence and enthusiasm.  They're expensive, but are a bargain compared to the wasted trial entry fees and travel costs.  I'm also going to use them as I begin very basic obedience training with our new rescue dog."
"The Best Sugar Cubes","I have been buying the La Perruche brown sugar cubes for years. They have a subtle molasses/honey flavor","Love the cubes!","First of all huge thanks to Amazon. I ordered the cubes on 8/23 and they arrived 8/23, WOW!<br /><br />I have been buying the La Perruche brown sugar cubes for years. The cubes have a subtle molasses/honey flavor and go well with my freshly brewed morning coffee. I used to be able to get the cubes at Whole Market or Whole Foods but not anymore so thankfully Amazon sells them. There is so much publicity about sugar being unhealthy, but I think of these cubes as being the ""healthy sugar""."
"Hotter than the Spicy One!","If you're a fan of hot sauce, you'll love the Chipotle Habanero.","Chipotle Habanero","We've been buying the Country Cut beef jerky for almost 2 years.  It's definitely the most moist(and tender on your teeth) of the variations they offer IMO.  As for this, if you are one of those people who love Asian inspired ""hot"" foods and have no problems with a searing burn in your mouth, the Chipotle Habanero is right up your alley.  If you are one of those people who can drink hot sauce(like Louisiana Hot Sauce) like nothing but want something more spicier, then Spicy is more at your level.  They are not kidding when they call this one Habanero.  It's delicious but HOT!  Be forewarned :P"
"My baby developed lump in breast when using this product.","Don't give this product to your baby.","My 15 month old daughter developed a lump in her breast during the time I was giving her this product","I decided at 12 months to supplement my breastmilk with what I thought was the cleaner formula option on the market.  Unfortunately, I didn't realize that the use of soy in this product could have a negative impact on my kiddo.  My 15 month old daughter developed a lump in her left breast during the time I was giving her this product.  I brought her to my ""green"" pediatrition and he suggested I take her off from soy to see what would happen.  The lump went away, as did this product from our home.  I started to supplement with goats milk and we have had no further issues.  I know that this won't be every person's experience but for parents who are trying to do their research, know that this can occur, organic or not."
"Delicious comes at a price","I'm a big fan of rabbits, and this is one of the best I've ever had.","The best rabbit I've ever had!","Sure, it might be a little expensive, but trust me when I say it's completely worth it. A full-blown cow might not cost $43.50, but if you think a thousand pounds of bland, worthless cow meat compares anywhere near this 3 lb (1.4kg) succulent morsel, you've got another thing coming. The instant I took my first bite into this rabbit, I literally came in my pants. It's just that incredible. There was no warning, no time to react, just pure unadulterated joy enveloping my entire body. I don't care if I have to spend my first-born's college fund to get it, I NEED the unique nutty flavor of this fresh whole rabbit!<br />I've noticed some distain regarding the unethical treatment of these rabbits, but the rest of us know that rabbits don't feel pain. I would bet money that these rabbits are proud to serve their human masters. We give them a good life on the farm, eating the finest quality carrots, mating with the most beautiful females in the modern rabbit world. Giving their lives to please a superior race is really all these little critters want in life.<br />Bottom Line: 5 stars isn't nearly enough for this product. I went as far as to draw 5 more little gold stars on my screen just to clear my conscience."
"Not bad if you have acid issues","I don't have much in the way of acid issues with coffee, but at times when I'm binge-ing on coffee I sometimes get","Not as good as folgers or other cheapie coffees","i don't have much in the way of acid issues with coffee, but at times when i'm binge-ing on coffee i sometimes get that burning in my gut.  Is this a better way to feed my addiction?<br /><br />if i'm a pragmatist, it seems like it's easier on my body.  i didn't have any issues drinking this.<br />if i'm in an ""i love the smell and taste of coffee mood"", this isn't my choice.  the smell of coffee before brewing is less than wonderful.  in fact, i would say it's distasteful.  it didn't make me want to brew a cup.  Nevertheless, I brewed a cup to check it out and was pleasantly surprised by the taste.  it brews a pretty mellow, smooth cup of coffee.  It's not incredibly flavorful, no subtle hints of this or that, but it's many steps above folgers or other cheapie coffees.<br /><br />In sum, it's not as good as premium coffees,but if you miss the taste because of acid issues, this is a good option."
"My Baby Loves it!","Great for feeding your baby!","Perfect for a meal for my 6 month old","First off this pack comes in a nice cardboard box that makes it easy to store and take the pouches from.  The pouches are 4.5 oz. each which is just enough for a meal for my 6 month old or I split it with some oatmeal for breakfast. My baby girl loves the flavor and I love that it gives her both her fruits and veggies in this combination.  The package states its Organic, has no fillers/thickeners, unslalted/unsweetened, no dairy, no egg, no milk, gluten free, nut free and in BPA Free Packaging!  It is also perfect for on the go since you can feed your baby right from the spout (just have them suck on it like a juice box) and it is easy to carry (not in glass or bulky container.)"
"Sweet and creamy heaven at a great price!","This is the only milk I drink because I don't do cow's milk and I no longer do soy milk either.","Coconut milk is delicious and a real bargain for organic!","This coconut milk is delicious and a real bargain for organic!!!  I use 2 or 3 cans a week of organic coconut milk because I use it in smoothies and like to drink it plain also or pour it over cereal.  I pour the contents of the can into a glass quart container, then fill it the rest of the way with water, shake it up, and put in the fridge.  When it gets cold, it is nice and thick again!  This is the only milk I drink because I don't do cow's milk and I no longer do soy milk either."
"Just as I thought, awesome.","I have never been to Maynard's have raved about these Wine Gums for quite awhile but only now did I take it upon myself","Great Wine Gums","Youtubers from England and the parts of America I have never been to have raved about these Wine Gums for quite awhile but only now did I take it upon myself to buy a few and try them out.  Not only were they delicious, they were also sent quicker than I expected and were very good quality, the package was wrapped efficiently and the rolls themselves were bigger than I expected. I would definitely suggest that others buy from Maynard's if they also like awesome, good quality candy."
"Delicious blend!","Great tea!","Delicious French Vanilla Bean tea!","I'm enjoying a cup of this wonderful French Vanilla Bean loose tea which arrived more quickly that I had thought possible.  I'm drinking it with milk and a little sugar, although it tasted quite nice without.  The packaging is good, also - good quality zip lock dark colored bag, with a clear window to see the product and an interesting informative label - I might not even use my tea caddy which doesn't have as good a seal as this bag.  Thanks to Tea Party, Inc. for this tasty black tea blend!  Off to peruse more blends!"
"Do Not Buy - Doesn't Work","I really wanted this to work. It looks nice and is a little more narrow than some of the other K-cup drawers. First of all","WORST K-cup drawer I've ever seen","I really wanted this to work. It looks nice and is a little more narrow than some of the other K-cup drawers. First of all this says it holds 35, but the box it came in says it holds only holds 30. That is not the problem. It looks very nice, I like the material on top, BUT the entire thing slips and slides. The Keurig (B70) slides on top even with a full water reserve. When you pull the drawer the entire drawer, Keurig and all slides as well. That's not the worst part, however, I could get past that and use rubber shelf lining to fix that issue. The worst part that you cannot fix is the fact that even with LESS than 30 K-cups in this drawer it WILL NOT OPEN. The K-cups in the middle column get stuck and jammed due to a metal rod along the top of that column. The K-cups on the ends get stuck on the metal pieces that bend over the top of the columns. This will RUIN your k-cups as they get snagged and pressed by the metal. It took me several minutes to remove K-cups that jammed in the drawer and the drawer would not open. AWFUL. Completely unusable and worthless. I returned this product and instead bought a larger one with rubber mat on top that slides easily (from Bed Bath and Beyond for $20 w/ 20% off coupon. Cheaper, holds more, slides easier, doesn't damage k-cups and won't slide off your counter."
"Best. Gummi. Bears.","I've tried all kinds of gummi bear brands through the years. Haribo tops them all, without question. They're just","Best gummi bear at the best price","I've tried all kinds of gummi bear brands through the years.  Black Forest, Trolli, you name it I've likely had it.  Haribo tops them all, without question.  They're just consistently good.  Really good.  I also really like the cola bottles, but my wife doesn't, so we compromise with the gummie bears.<br /><br />Best gummi bear at the best price.  Enjoy in moderation, this 5lb bag is huge."
"Excellent quality","Very happy with these beans - they're very fresh, very fragrant, and arrived quickly. I used the whole package to make a gigantic batch","Very fresh, very fragrant, and arrived quickly!","Very happy with these beans - they're very fresh, very fragrant, and arrived quickly.<br /><br />I used the whole package to make a gigantic batch of vanilla extract to give as Christmas gifts:  I split all the beans lengthwise, and added them to a 750 mL bottle of vodka, shaking about once per week for several months.  To package, I strain the extract through a goldtone coffee filter into a gift-sized bottle, and add a section of vanilla bean to the bottle.  The flavor is excellent, and much cheaper than buying vanilla extract at the store.<br /><br />Also, I put any leftover pieces of vanilla bean into my sugar canister (leave them out to dry first!) for yummy vanilla sugar.<br /><br />Highly recommended."
"YUP, most of cans are dented.","Pumpkin is a great pumpkin!","Pumpkin is hard to find in the stores other than in fall, so if you like to extend your pumpkin usage to other seasons, this is a","yes, most of the cans arrive dented, so if you are fearful of that, don't get it.  But pumpkin is hard to find in the stores other than in fall, so if you like to extend your pumpkin usage to other seasons, this is a good buy.  Definitely good quality for feeding dogs or making bread or ....pumpkin fudge!  Yum!"
"Red Zinger Tea Bags","I was really happy to find the Red Zinger Tea Bags available on Amazon. I looked in all the grocery stores around my house and it is gone","Red Zinger Tea Bags Available on Amazon","I was really happy to find the Red Zinger Tea Bags available on Amazon.  I looked in all the grocery stores around my house and it is gone...<br />I have an iced tea recipe using Red Zinger and apple juice which is delicious. I do not drink the Red Zinger alone so I cannot evaluate it like that.  I certainly hope Celestial Seasonings has not discontinued it.  Thank you so much for providing it on Amazon! I like that it is Caffeine free. Here is the recipe and I hope it causes  you to buy the tea so it will not be discontinued.<br />Rose Tea<br />6 Celestial Seasonings Red Zinger  (large) tea bags<br />1  46-oz apple juice<br />3 orange slices<br />3 lemon slices<br />Add water to fill one gallon.<br />Let sit for 18 hours before serving****  (PLAN AHEAD)"
"Delicious, nutritious, easy to do with a breadmaker!","I'm a health nut, and this was the healthiest mix I could find.","Great bread!","My wife and I got a breadmaker for Christmas and were very excited to get some bread mixes to try out.  I'm a health nut, and this seemed like the healthiest mix I could find.  So, just pour in the wet ingredients, then the dry, then hit the ""whole wheat"" setting on the breadmaker (1.5 pound loaf), and 3:45 later, fresh whole wheat bread!<br /><br />I use this bread every day for my sandwiches. Just slice some in the morning (I store it in a large Ziploc bag), and several hours later I'm eating a super fresh sandwich. Even though the bread is a ""honey wheat"", I taste no honey in it, and it's definitely NOT sweet. This is a good thing, as I wouldn't want sweet bread to use for sandwiches.<br /><br />The bread keeps very well in a ziploc bag for roughly 10 days. It may not rise as much as some other wheat breads you buy in the store, but it's still adequate for sandwiches and very tasty. I tried the whole grain white bread, and it rose twice as high as the wheat, making it impossible for me to fit into a bag!<br /><br />The only complaint I've had is the way Amazon has played with the price. When I got it the loaves cost roughly one dollar, and now they're close to three dollars. So if you get lucky, it can be very economical to use this instead of buying commercial, processed bread. But if the price stays where it's at, it makes it much more challenging to decide which way you want to go, unfortunately."
"The very best!","Best wine we've ever had! We've shared it with many & all have the same opinion. Great for Holy Communion too. Has","Best wine we've ever had!","This is absolutely the very best wine we've ever had!  We've shared it with many & all have the same opinion.  Great for Holy Communion too.  Has a very full & authentic flavor.  We've had all of them, including the  champaign, which is the best, as well.  Try it once & you'll never buy any other.  Ariel Nonalcoholic Wine is truly the very best."
"Bangkok in a Bowl","It's a savory blend of coconut milk, onions, tofu, and shiitake mushrooms.","Amy's Organic Thai Coconut Soup is a savory blend of coconut milk, onions, tofu, and shiitake mushrooms.","Amy's Organic Thai Coconut Soup is a delicious soup when you're busy and not in the mood for cooking. It's a savory blend of coconut milk, onions, tofu, and shiitake mushrooms. It's mild-flavored, if you're not up to something like red or Massaman curry.<br /><br />There's one drawback- it doesn't have much heft. You can add more tofu,or add rice or noodles to it.<br /><br />Amy's Organic Thai Coconut Soup is Earth- and flavor-friendly!"
"the best for less","Great coffee!","Best coffee I've ever had","I bought this coffee for my mom, which is getting harder to find where we live. She says this is her favorite by far, the smell and taste you can't beat. Cheaper to buy on here than store, which only has a couple at a time. This is a year supply for her."
"christmas chocolates","I received the chocolates timely. I only disappointment was that they, at some point must have been handled badly since the actual chocolates seemed a bit","The chocolates were a bit ""beat up""","I received the chocolates timely.  My only disappointment was that they, at some point  must have been handled badly since the actual chocolates seemed a bit ""beat up""  maybe stored at an incorrect temperature.  Chocolate had in some cases looked like they had previously started to melt.  They were/are still fun for the holidays-- filling adult advent calendars."
"Okay, but just canned coffee","You can't go wrong with this canned coffee.","Good enough, but not much more","If you're in a situation where you wanted to bring coffee with you, but were somehow prevented from bringing a thermos or Starbucks cup, I suppose you could do worse than this canned coffee. That's basically all it is: lightly sweetened canned coffee. The can is small enough to fit in a bag or purse, and there's just enough here for ""one cup of coffee,"" as it were. It's meant to be drank cold, but for me coffee drinks are better served hot unless they've got lots of flavor and sugar in them. This one is just canned coffee, and it's good enough as that, but not much more."
"All around fun for dogs","This toy is a winner in our house. We were glad to find this because other than Kong and SOME bouncy balls she will destroy","Nylabone is a winner in our house","This Nylabone is a winner in our house. We were glad to find this because other than Kong and SOME bouncy balls she will destroy any toy. Indestructible toys are a must in our house or they are dead in 5 minutes. The more playful dog is really enjoying tossing this one for herself to chase, jump on, and flip around in her mouth. She is chewing it too, but does more playing with it at this time. Our playful pup is about 50 pounds and I think this toy would be a good size for dogs up to 75 pounds before it seemed too small."
"Enjoy Illy Espresso Outdoors","I've been drinking Illy espresso for over 20 years. It's the only brand of coffee I will drink if I have anything to say","I've been drinking Illy espresso for over 20 years. It's the only brand of coffee I will drink if I have anything to say","I've been drinking Illy espresso for over 20 years.  It's the only brand of coffee I will drink if I have anything to say about it.  Usually, I brew Illy's whole bean medium and dark roast in my super  automatic espresso maker. So what do I do when going camping?<br /><br />I recommend Illy's MOKA coffee for those espresso drinkers who want to enjoy their warm coffee while out in the wilderness.  For those who do not already have a MOKA stove top coffee maker, I would highly recommend one of the Bialetii Moka Express stove top espresso makers that are sold right here on Amazon.  If you like to travel light like me, you may also want to purchase an MSR Pocket Rocket stove which is also available on Amazon."
"I wasn't impressed...","I'm not a cat person, but I have a dog, and I've tried a lot of cat treats.","Dogs and cats won't like this","Okay, first of all, this says for dogs AND cats, and I sampled it because it actually only said ""cat treats.""  Ummm, I have three cats, and none of them would touch this stuff.  First of all, they're HUGE, round discs.  You have to break it up into about 30 pieces (which is soft and gross and makes your hands stink) and even then, none of my cats were at all enthused with the results.  They sniffed, turned their nose up, and walked away.<br /><br />The dog however, was happy to clean up behind them.  She loved these treats, and they're definitely more large-dog size.  Each treat is a couple inches in diameter, almost an inch thick, I have NO IDEA why they would label these as cat treats.<br /><br />They're a little expensive for what they are, and there aren't that many in the package.  However the ingredients are good, and my dog loved them.  I'm just pretty disappointed these weren't cat treats since that's what I had originally wanted.<br /><br />Good for dogs, find something else if you have a cat!"
"Tasty and healthy choice of soup!","Thank you!","Very easy to prepare","Hi! I'm pleased to have purchased Kikkoman Instant Shiro Miso. This soup is very easy to prepare. Simply add hot water and stir. Outer envelope contains 3 individual serving packets. Salt content might be on the high side for some users. Best to check product details. The soup does not taste salty. I would buy this miso soup again."
"Great for CRF cats, allergy cats and finicky cats LOVE it!!","Addiction is a healthy human grade quality food that all my cats love AND that is safe for my cats with special dietary needs. My 19 year","Addiction is a good choice for my cats with special dietary needs","Finally, a healthy human grade quality food that all my cats love AND that is safe for my cats with special dietary needs.  My 19 year old cat with kidney disease requires low phosphorus food. Addiction canned food has 1% phosphorus(dry matter basis) which may not be as low as special prescription diets, but it is low compared to many other good quality canned cat foods. My 13 year old cat has allergies and needs a grain free food with a novel protein source. I refuse to feed my cats the hideous prescription diets sold by vets that are made from GMO corn, rendered meat and who knows what else. If you don't know about these ingredients Google ""API report truth about pet food"" and you will learn things about Science Diet, Royal Canin, Iams, Eukanuba etc. that you probably don't want to know. Between slick commercials and vet recommendations, a lot of people have no idea what is really in so many of these foods.<br /><br />All 4 of my cats love Addiction and lick the bowl clean. Even my cat who turns her nose up at all wet food, eats Addiction enthusiastically. I have only tried the Duck so far, but will try the others as well. Addiction dry food, unfortunately, is higher phosphorus and not a good choice for cats with kidney disease but would be great for a younger cat with allergies. It is a bit pricey but you get what you pay for."
"There's a reason","I'm a big fan of Honey Stinger's energy gels. I've been using them for endurance mountain bike races and training rides","Best energy gels for endurance mountain bike races and training rides","Not to just jump on the LA bandwagon, but there's a reason he endorses and works with Honey Stinger; their products are legit! I've used many different energy gels for endurance mountain bike races and training rides and so far the Honey Stinger gels have been the best.  They go down down easy, don't argue in your stomach with drinks, and provide a great carb boost to tired muscles.  I definitely recommend these."
"Beaba freezer tray: nice but gets a freezer burn","They work nicely in general, but we have several complaints:br /> food gets a freezer burn unless you put the train in","Love the trays!","We got 4 of them to store food for my son. They work nicely in general, but we have several complains:<br />1) food gets a freezer burn unless you put the train in a freezer bag<br />2) the food that gets takes a while to blend (like broccoli) and gets a bit of air blended in is harder to get out of the tray.<br />Other than that we love the trays.Wish they came also in 1oz portions (we try to give a great variety of veggies to my son at every meal, so having option of a smaller portion that takes less space in the freezer) would be great!"
"Reese Cheesoning","I've used this brand of cheesoning for many years. I opened one of the bottles and it smells and tastes stale","Broken Reese Cheesoning","My order from Amazon.com was for 6 bottles of Reese Cheesoning.  The box seemed to have plenty of padding yet one bottle was broken.  I could not contact anyone about this problem for a replacement. This is the first opportunity I've had to report this problem.  I've used this brand of cheesoning for many years.  I opened one of the bottles and it smells and tastes stale.  I'll put up with that but want a bottle to replace the broken one."
"Tomatoe Preserves","This is the first I have tried from a WebSite and they were very good, however, I expected a lot more tomatoe than was present","Very good, but a little too sweet","Since Smucker's stopped making Tomatoe preserves avaiable in many groceries, I have missed them for the past several years.  This is the first I have tried from a WebSite and they were very good, however, I expected a lot more tomatoe than was present and I would rate them as just a little bit too sweet.  I consider the product I received to be Jam not preserves, but definitions vary in different locations.  I plan to try other tomatoe preserves from internet sellers, but this product was satisfactory and I will purchase them again unless I find a more ""preserve like"" variety."
"must have","Haribo gummies are the best!!!! True for kids and adults. You cant ever compare this to any other brands, even my kids won","Haribo gummies are the best!","Cmon guys, we have to admit that Haribo gummies are the best!!!! True for kids and adults. You cant ever compare this to any other brands, even my kids won't take anythng other than haribos. They are just so soft and chewy at the same time but better yet, not sticky to the point where your jaw gets tired. I've been addicted to these since I was little and now my kids loves them too. All their flavors are yummy, and their shape and color make me happy. They make a great good snack either at work or when my kids go to school or for big gatherings. this huge 5-pound bag lasted for about 3 months (inc Christmas times when a lot of friends and families stopped by) for a family of 5. And the price is definitely a true value.<br />You gotta have them"
"wonderful texture and flavor","Great honey!","Best honey I've ever tasted!","Was looking for the purple honey that they talked about in the movie ""The Secret Life of Bees"". Didn't find it, but stumbled on this and it's excellent.  It has a thicker, richer, & creamier texture than regular clover honey and it has a stronger, more distinct flavor.  It's great in tea and on cornbread, but I also sometimes just savor a small spoonful just by itself. Delicious!"
"A Super Yummy Drink","Get a box of Celestial Seasonings' Honey Vanilla White Chai Tea.","My wife loves this tea!","My wife bought a box of this Honey Vanilla White Chai Tea, and I am hooked. She adds milk and sugar to the brew and produces a yummy caffeinated concoction. The ingredients include black and white tea, roasted chicory (a blue-flowered Mediterranean plant), cinnamon, natural honey, vanilla flavors with other natural flavors, ginger, cardamom (aromatic seeds of a plant of the ginger family), cloves, black pepper, and nutmeg. Failure to like this stuff could mean you have issues. If you are a fan of recycling, you will be happy to know that Celestial Seasonings print their boxes on 100% recycled paperboard with 35% post-consumer content."
"Smooth, Bold & lot's of Crema at an Affordable Price...Great Value","Lavazza Super Crema Espresso","Lavazza Super Crema Espresso","Much better than the illy brand. This is my first taste of the Lavazza brand and I selected the Super Crema Espresso blend to use in my Jura Super Automatic machine. Set machine to fine grind and made an espresso shot that filled the air with a pleasant smell of a truly fabulous espresso coffee being brewed. The Crema was rich & creamy; and settled to cover the top with a solid layer of consistency unmatched by any others I seen.  Even after five minutes, the thick Crema was still floating without any dispersion.<br /><br />Upon tasting, my taste buds were met with a refreshing bold flavor that contained none of the bitterness fond in many other bands of espresso coffee beans. There was ""NO"" displeasing after-taste and in fact, my mouth yearned for more of this delectable nectar.<br /><br />I'm sold on Lavazza Super Crema and will never waste my money on the over-priced and inferior illy coffee brand again.<br /><br />Thanks,<br />CelebBroker.com"
"yes, I mixed it right :)","I love stevia! I have used it for years in just about every form there is (powder, liquid, packets, teas","Not a fan of stevia","I will start by saying I love stevia! I have used it for years in just about every form there is (powder, liquid, packets, teas, etc) so I do understand it's taste and concentration. Unfortunately, this stuff just taste nasty no matter how you mix it! I've tried using less, I've tried using more, nothing helps. So far, I have only tried the strawberry so I'm hoping other flavors are better, but this one is just not drinkable, sorry."
"Severe stomach problems","Don't take this if you're pregnant or breastfeeding.","Not a good product","I have decided to try this based on good reviews. After about a week of taking it daily with a meal, I began experiencing severe, persistent stomach pains. I stopped taking the Maca, however I was still in pain for a few days after.<br /><br />According to numerous accounts found on Google, Maca should NOT be eaten RAW, which is what this product is. Apparently the only way this is eaten in Peru is cooked or in gelatinized form.<br /><br />As for the positive effects this is supposed to promote, I have not experienced any. This might be due to the short time I was taking this supplement, but again, the side effects prevented any extended use."
"False description","Three of the 22 cups were TEA, not coffee...1 Chinese green tea,1 chai tea, 1 English breakfast tea.b","TEA, not coffee","Three of the 22 cups were TEA, not coffee...1 Chinese green tea,1 chai tea, 1 English breakfast tea.<br />Three more of the cups decaffeinated Columbian.<br />If I had wanted tea, I would have ordered tea. If I wanted decaf, I would not have ordered a coffee pack, I would have ordered decaf."
"Great pasta replacement","Preheat the oven to 350°F (177°C) and line a baking sheet with parchment paper. Place the noodles in a large pot","Slurpy, low-carb noodle","Let's be honest right off the bat .. yes, they stink when you first open the bag.  There, I said it.  But after you rinse them for about 15-30 seconds, then par-boil them quickly that goes away.  What you're left with is a noodle fit for soup; or eat them with a little added sauce (don't drown them); or olive oil, garlic, and tomatoes; they're slurpy and they take on the flavors of whatever you add to them.  Great for those of trying to cut down on, or abstain from, regular pasta.  These are high in fiber, and have almost zero calories - yeah, you heard me :-)  Unlike regular Shitake noodles, these do not need to be refrigerated until after the package is opened.  These are a noodle lover's, low-carb eater's friend."
"Chicken Cordon Bleu Recipe","I am so glad to have found that amazon is carrying this product. I make a chicken cordon bleu recipe using the savory herb & garlic","Great product!","I am so glad to have found that amazon is carrying this product.  I make a chicken cordon bleu recipe using the savory herb & garlic mix.  My local grocery store quit carrying it and my family has been craving this dish for over a year.  I am glad to have found it.  My only negative is that you have to purchase by the case.  I would have liked to have purchased it individually.  Oh well, I have a plentiful supply now!"
"Worth Trying","I purchased this sugar (the dark) to try in a recipe for flan. I'd have to say this is one of those ingredients that","Great flavor!","I purchased this sugar (the dark) to try in a recipe for flan. I'd have to say this is one of those ingredients that will take your recipe to another level.<br />I also tried it in a chocolate chip cookie recipe which provided a moist tender, can't put your finger on it and not overly sweet taste.<br />My daughter did not care for the flavor in the flan she indicated it tasted like syrup.<br />I'd say it is somewhat of an acquired taste and a little pricey for sugar. But, well worth it!"
"Just give me a spoon!","I was recently in St. Barths in a gourmet food store and needed mayonnaise. All they had was the Delouis Fils","Best Mayonnaise I've Ever Tasted","I was recently in St. Barths in a gourmet food store and needed mayonnaise.  All they had was the Delouis Fils so not wanting to make a stop at the local supermarket I decided to give it a try.  Before adding it to my tuna I took a taste.  It was so good I almost forgot the tuna and just ate it straight from the jar.  Imagine my surprise to find it available through Amazon!"
"First review","Great seller, great customer service, and a great product.","Great customer service","first of all, great customer service. Overall a great experience with the seller. The plant arrived fast, in a small box, my plant has flowers stalks already. Joel has been keeping in touch to make sure everything is good. to any one thinking about ordering from him you won't regret it.<br />Now to my plant it has a couple of browning leaves, i contacted the seller and he said that they are healthy, and that they should be in a good condition soon. i will keep updating according to the condition of my plant in a week. Thank you Joel<br /><br />UPDATE<br /><br />After about i don't know how long lol, maybe 2 or 3 months i can increase this product to a five star. The mother plant did die which was unfortunate,but it was do to my dad leaving it out on the sun the whole day with out giving it any water. While i was gone... luckly i had taken a division a 2 weeks prior to this and that plant producing lots of dew. Thank you Joel will buy more from you soon. you should add more venus flytraps."
"Gourmet, use with caution!","I'm not a fan of Nutella spreads, but I've tried Justin's Maple Almond Butter.","Delicious, but so sugary!","This higher quality ""Nutella-like"" spread can be dangerous----it's so delicious and yet, so sugary!  I have to be cautious with added sugar (I may have hypoglycemia and Candida), and this spread is loaded with sugar (the nemesis of both health conditions).  I was briefly vegan and still have very vegan-like sentiments for a vegetarian (the less animal product the better), so I wasn't too thrilled with the skim milk powder ingredient, organic though it may be. I haven't tried the Justin's version of Nutella, and my friend who works at a local health food store warned that it was practically tasteless compared to Nocciolata's Organic Hazelnut Spread with Cocoa and Milk.  As a side note, Justin's Maple Almond Butter is delicious and just sweet enough without overdoing it. I may still give the Justin's version of Nutella a try since it has several less grams of sugar per serving and no milk product in it.<br /><br />This product is delicious---yet a little goes a long way, and it is very rich.  I put some of the spread on mixed berries and Granny Smith apples, and that was sumptuous, of course.  Yet I also confess to putting a spoon in the jar when I am nearing the end of the product and just eating it by itself.  When I was little, I used to do the same thing to the Sander's Milk Chocolate Fudge that was supposed to be poured over ice cream---eat it by itself by the spoonful.  Although I don't eat ice cream, this product would be much better than typical hot fudge chocolate sauces on the market."
"I love Starbucks","I happen to adore Starbucks coffee, so I was happy to have the chance to try this one. The Starbucks roast is halfway between a French roast","The best coffee I've had in a long time","Starbucks coffee is one of those love-it or hate-it products.  The Starbucks roast is halfway between a French roast (dark and strong) and a more delicate medium roast.  I happen to adore Starbucks coffee, so I was happy to have the chance to try this one.<br /><br />It is unmistakably Starbucks.  The vanilla flavor is very subtle, not strong at all, but adding cream and sugar does bring out that lovely vanilla taste and aroma.<br /><br />Not sure what else I can say about this coffee.  Does 'Yum' pretty much cover it?"
"Love this plant!","This is the second pitcher plant that I own but the first that I have bought from Hirt's. It came in two days in a","Best pitcher plant I have ever owned!","This is the second pitcher plant that I have owned but the first that I have bought from Hirt's. It came in two days in a box that was so carefully packed that if felt like I was opening a gift. There was a small heat pack to keep the plant safe and each of the pitchers were carefully wrapped to protect them - I was blown away!  The plant is so healthy and absolutely beautiful; I will be ordering more soon!! No one does plants this way and this is the way it should be done.<br /><br />Hirt's sets the standard!"
"Great snack","Love the chips!","Great chips for a friend","I bought these for a friend. For months she would look for them at our local grocery store, never finding them. I purchased the case and surprised her with it. she likes the taste and the light, crispness of these chips. I need to order another case because they are almost gone."
"Tastes Best in Milk","It's a great breakfast cereal, but it's not for the faint of heart.","Love this cereal!","You can eat this cereal out of the box or part of chex mix. But ever since I had been a little kid, I have also simply loved eating it with a big bowl of cold milk.<br /><br />Most cereals loose their flavor when soggy. Not this one! It actually goes the extra mile--picking up extra body. Eating it makes you feel full, but you obtain all of the essential vitamins. It is one of life's simple pleasures.<br /><br />And the 'store versions' of this product have never been able to successfully replicate the product unique taste, so don't even think about switching in this case. You'll just be cheating yourself!"
"Flavor getting better, energy is great","I've been buying and drinking this for over a year now, and the energy boost is excellent, with a continuous, 6-","Excellent energy boost","I've been buying and drinking this for over a year now, and the energy boost is excellent, with a continuous, ~6-hour effect. The most recent shipments seem to have improved the flavor slightly as well, or perhaps I'm getting more used to it. I don't drink it for the flavor, but it's not as heinous as the fake flavors found in the other, non-organic energy shots."
"Can't see a difference","I don't see any difference after using this shampoo vs. the cheap stuff from Wallyworld. Admittedly, my hair is very","Doesn't do much for my hair","Extract of tea leaves doesn't impress me, but results do.  Unfortunately, I don't really see any difference after using this shampoo vs. the cheap stuff from Wallyworld.  Admittedly, my hair is very short so there isn't much 'result' to notice but I would think it should do something different.  Everyone's hare is different so if this stuff interests you try it out.  For me, it didn't do much."
"I guess I must be spoiled by Stash & PG Tips Teas!","I'm a big fan of Stash & PG Tips teas, but this Lipton Black Vanilla Caramel Truffle tea is","PG Tips Black Tea or Stash Irish Breakfast Black Tea, Tea Bags, 20-Count Boxes (Pack of 6)","I guess I must be spoiled by Stash & PG Tips brand teas.<br /><br />This Lipton Black Vanilla Caramel Truffle tea is a very *scantly* filled teabag.  2 of them barely make the same strength as 1 PG Tips tea bag, and for a fuller richer 12 oz cup you should use 3 bags.  This brings the price up significantly for this tea versus other brands.<br /><br />If you enjoy a stronger cuppa' then you may want to add a bag of <a href=""http://www.amazon.com/gp/product/B001FA1KNK"">PG Tips Black Tea, Pyramid Tea Bags, 40-Count Boxes (Pack of 6)</a> or <a href=""http://www.amazon.com/gp/product/B000CQBZPG"">Stash Premium Super Irish Breakfast Black Tea, Tea Bags, 20-Count Boxes (Pack of 6)</a> tea for strength.  I find that using 3 Lipton bags by themselves makes the caramel flavor too strong for my taste.<br /><br />So I use 1-2 bags PG Tips (or alternately 2 bags Stash Irish Breakfast) plus 1 bag Lipton Vanilla Caramel.  Then after the tea is done steeping I add some stevia or raw sugar, and a good dash of whole milk.<br /><br />If you just enjoy a light cup of tea with a decently strong caramel flavor, then this tea on it's own should be sufficient.<br /><br />Just my experience. To each his own.<br /><br />If this happens to be your very favorite tea, then all I can say is that we must agree to disagree :0)"
"THIS BRAND IS NORMALLY VERY GOOD, BUT....","I don't know how to describe this product...it's kinda vinegary and sour and it has big hunks of","Not good at all","I have curry pastes from this company that are outstanding...but this particular product just isn't good at all. My hubby loves Indian, too, and he is not a picky eater--but even he told me to find a new home for the boxes we bought of this stuff! I don't know how to describe it...it's kinda vinegary and sour and it has big hunks of banana peppers in it. It isn't creamy and the texture is almost grainy. I tried to rescue it with coconut milk and it really didn't help. The ""curry"" in it is very faint and it's just...well...you might like it but we sure didn't. As I said, we've bought many other items from Amazon in this brand of Indian foods, but this is just the opposite of the other items. It just isn't good."
"Perfect for a healthy lifestyle","I love peanut butter!","Best Peanut Butter I've Ever Tasted","First of all, what I loved about this was that it had no sugar & no sugar substitutes. I didn't notice when I first placed the order than there is also no added salt in the ingredient list. This is perfect for people watching their sugar and sodium intake. I am into fitness and exercise and I love peanut butter because of its protein and healthy fat content. I spread it on whole wheat bread for an even healthier snack throughout the day.<br /><br />About the taste, it's a bit bland at first (I spooned it!) But you will most definitely appreciate the all natural taste of peanuts, unlike other brands that taste too salty or too sweet. When I put it on some bread with jam, it was even better. I have finally found the perfect peanut butter that suits my taste and healthy lifestyle."
"Rich Roast instead","I was going to give one star, but since I know this may have simply been a shipping error, I bumped it up to three.","I'm not convinced snooty sugar will somehow be more friendly to my system than nasty-old purified sucrose","Could be it was just a shipping mistake, but the stuff I got is labeled as Smart Balance All Natural Rich Roast -- and has basically the same sugar content as any normal major brand of peanut butter. Sure, the sugar comes from evaporated cane juice instead of good old-fashioned sugar, but I'm not entirely convinced snooty sugar will somehow be more friendly to my system than nasty-old purified sucrose.<br /><br />I must admit, as well, to being continually frustrated at the lack of a sugar-free brand. I remember, briefly, when one of the major labels put out a sugar-free peanut butter sweetened with splenda, or some other sweetener, but in spite of the fact that there are eleven gazillion different flavors & styles of peanut butter on the shelves, that one vanished almost instantly. I don't know if the health crowd howled because they seem to hate artificial sweeteners almost as much as sugar, but I really wish someone would make a peanut butter that ditched sugar for a non-nutritive sweetener. And it seems odd that nobody is interested in filling that niche.<br /><br />I was going to give one star, but since I know this may have simply been a shipping error, I bumped it up to three. Part of that low rating is that, in spite of having the same sugar levels as regular peanut butter, and added oil, this smart balance peanut butter I received (the rich roast) is kinda, well, awful. It tastes burnt, not rich, and isn't anywhere near as tasty as your major label brands."
"Yummy Product!!!!","I have tried Mrs. May's products before and have never been disappointed....the white sesame strips are no exception. They are individually wrapped wh","Best sesame strips I've ever had!","I have tried Mrs. May's products before and have never been disappointed....the white sesame strips are no exception.  They are individually wrapped whcih is great to throw a package in my purse and they satisfy my craving for sweet and crunchy.  I shared them with a co-worker and now she's hooked on them.  Will definitely be ordering more of this fantastic product!!!"
"A Great Laxative","Don't eat these unless you want to dump your guts.","Taste is OK but if you want to dump your guts go with the regular ones","The taste is OK but stay away from these unless you want to spend some time on the pot. Within 30 - 45 minutes of ingesting I am on the pot in intestinal misery. I do not know what they use as a sweetener but it IS NOT Splenda. I use Splenda DAILY and it never effects me like these do. Go for it if you want to dump your guts but if you want jelly beans go with the regular ones. If your diabetic and want these.....just eat at home, make sure you have no plans for later and see that the bathroom is free."
"Good Seeds","Good flavor, but a little too salty.","Better tasting than David brand seeds","Seeds have a nice, nutty flavor.  Better tasting than David brand seeds.  Not the biggest seeds but definitely not too small either.  Another reviewer mentioned the high amount of sodium but I didn't notice.  In fact I thought they had less salt (taste wise anyway) than a lot of other brands."
"BLUEBERRY GRAHAM CRACKERS","I have to say that I was very surprised by how good these cookies are, great tasting blueberries. When I had the opportunity to try out these snacks","Great tasting blueberry graham cracker","Newtons Fruit Thins Blueberry Brown Sugar, 10.5-Ounce (Pack of4)<br /><br />I have to say that I was very surprised by how good these cookies are, great tasting blueberries. When I had the opportunity to try out these snacks I jumped on it and ordered them. I am a big blueberry fan, not sure if I have ever said that in another review but I love em. So I was really interested in trying this healthier type snack out, I am glad I did.<br /><br />Like I usually do I shared this with my girl, bro, and a few others and we all agree they are good. To be honest they taste just like a blueberry graham cracker, wonderful. Now it says pack of four on here but it really means four rows of these cookies. So you do get a lot snacks here so it is worth the price that they ask. Add in that they are made with real fruit, blueberry, and wonderful brown sugar and you get a great snack.<br /><br />This is a low carb and low calorie snack, but don't over do it as with everything else. I do recommend this nice little snack since it does taste good. Every one that tasted these with me agrees that they are indeed good. Try them out if you are a blueberry fan, they are really good."
"excellent baguettes","Best baguettes I've ever had.","Best baguettes I've ever had","Bar none, these baguettes are the best and the sub buns.  They taste normal and I attribute it to the tiny bit of sourdough in the ingredients - this is not found in their other breads which I don't care for as much.  The sourdough makes all the difference.  You have to finish baking these in the oven for 5 minutes and it's worth it.  I use these for hot subs, cold subs, garlic bread, bruscetta, french dips, philly cheese steak etc.  You won't be disappointed."
"Poor quality control","I give them to my dogs when I am around to make sure they don't choke. They love them. As with any rawhide chews","My dogs love them, but they have a serious quality control problem at the location in Mexico where they are produced/packaged","My vet recommended them for my dogs which are around 20 pounds each and just will not let me brush their teeth.  They love them.  As with any rawhide chews, I only give them to the dogs when I am around to make sure they don't choke.<br /><br />I have two dogs, so when I came out with only one chew at the end of a package, I started counting the contents of each package.  I have found between 28 and 31 chews per package. There are almost never 30 chews as stated on the package.  I thought that perhaps they were packaging them by weight instead of count but that turned out to be not true.  The weights of the various packages were considerably different.  I called and they just said to return the short packages to my vet for a refund.  I did this once and as a result the vet opened and counted the three packages she had on the shelf -- they had 28, 29 and 31 chews each.<br /><br />There is also a large variation in the size and color of the chews.  Some are very light and some are quite dark.  I currently have one chew that is 1""x1.5"" and paper thin, one that is 2""x3"" and 3/8"" thick, and one that is 2.5""x4"" and 1/4"" thick.  Some packages had mostly large ones and some packages had mostly small ones.<br /><br />I don't know whether they really help the dog's teeth or whether the chemical is bad for them.  But I do know that they have a serious quality control problem at the location in Mexico where they are produced/packaged."
"IT ACTUALLY WORKS!","This is the best smoker I have ever had.","Great for a Father's Day gift","I received this for Father's Day last year.  I was skeptical - but it actually works.  I can put some tri-tip in the smoker and hang in the pool or chat with guests while keeping an eye on the large LCD display. The range is very good, I can sit in the pool with the display next to me on the deck (at least 20-30 feet away) or go back inside the house. It beeps and talks to you a few minutes before your food is at the desired temperature.  I use it primarily for beef, and the settings (rare, medium, etc.) are pretty accurate. This is especially good for large cuts of beef since it is often difficult to gauge whether the meat is pink inside or not.  I would highly recommend this.  Easy to set-up, then all you do is select the type of meat and the desired cooking level.  Pork and seafood default to only one setting choice (well-done) but you can just use the temperature readout to cook to the desired temp."
"Gummy Colas? More Like Yummy Colas!","I love Haribo gummy colas. I eat a handful of these after my intense workouts because they contain dext","Haribo gummy colas","I love these delicious chewy gummy colas. I eat a handful of these after my intense workouts because they contain dextrose which has better bioavailabilty to your muscles. Oh yeah , I eat them when I am craving a sweet treat too. My husband and kids love them too. We love all Haribo gummy products because they taste great and they are enjoyable eat."
"Happy Camper!","I have a German Breed, G.Sheph. & he is very, very, PICKY! He loved them. He","G.Sheph is very, very, PICKY!","I have a German Breed, G.Sheph. & he is VERY, VERY, PICKY! He loved them. He is such a happy camper. He wakes up in the morning & ready to go for his walks & comes home straight to his treat cabinet, he wants his chicken stix....thank you, finally something that my boy loves...."
"These bag size are really addicting!!!","I usually eat the big bag Doritos, about 12.5 ounce. These are truly addicting because of its size, I finish 6","I can't wait any longer!","I usually eat the big bag Doritos, about 12.5 ounce.  I decided to buy this because the big bag weren't on sale and I can't wait any longer.  Amazon does a great job of not smashing the bag, it arrive to me perfectly.  These are truly addicting because of its size, I finish 6 bag a day on average.  When eating the big bag, after a while, I just get tire of eating and stop because there are too much, then it start becoming unrefreshed.  But these 1.75 ounce bag, I can't get enough, and every time I open a new bag, its fresh."
"Great Product","I really liked this product, it tasted much better than I thought it was going to and it was great eating an entire pint for only 128","Great ice cream","I really liked this product, it tasted much better than I thought it was going to and it was great eating an entire pint for only 128 calories.  It also satisfied my craving for ice cream, as it is very filling. I was concerned about the delivery of the product, but it arrived quickly and was in great condition, especially since it was sitting outside in 100 degree weather. I know that I will continue to buy this product, the only drawback is that it is rather pricey for only 6 pints."
"Ho Hum...","i'm a big fan of equal tablets, but i don't think they're worth the money.","i like them but i don't like the powdered kind","These are practical since you can carry one pack in your pocket or store it at the office, they don't contain sugarlike the powdered kind but i do have to use more of them since each tablet equals 1/2 packet, that being said i might try equal tablets since they are cheaper."
"Smaller package, still 200mL","Whiskas Cat Milk is a great treat for IBS sufferers.","Great buy for IBS kitty","The picture on the product page still shows the older, rectangular packaging. What arrived was 24 of the new, smaller containers but they hold the same amount of Whiskas Cat Milk. I applaud Whiskas for reducing the packaging but, since I'm a bit slow, I ordered this based on the picture of the old rectangular boxes. My local store started carrying the new packs and I, without bothering to read the fine print, thought they were selling less product for the same price. I'm glad I did though because this was a great buy (of course I now have over a 6 month supply but the ""Best By"" date is beyond the 6 months).<br /><br />I started giving this to my little IBS kitty every day because she was on a course of medicine that, although it was supposed to be tuna flavored, she wouldn't take. I mixed it into the Cat Milk and she lapped it up. After we'd finished up the medicine, she still asked for her Cat Milk treat so now I give it to her while I dish out everyone's canned food. It's a perfect distraction 'cause she used to try to ""help"" and be in the way ""testing"" each bowl as I dished out the canned food. I guess you could say the Cat Milk is a bribe but either the medicine worked or the Cat Milk helped (or both) 'cause she's put back on the weight she'd lost during her last Irritable Bowl bout (and when my vet weighed her he said keep on doing whatever it is you're doing)."
"A Pretty Good Snack, Healthy and Nutritious","These all natural healthy nutritious snack bars were created by a marketing genius, appealing to a lot of people. They taste good too! My wife like","All Natural Healthy Snack Bars","There's nothing artificial in these all natural healthy nutritious snack bars, each containing:<br />4g Sugar<br />7g Protein<br />5g Fiber<br /><br />They're also:<br /><br />Gluten Free<br />Low Glycemic<br />Cholesterol Free<br />Dairy Free<br />No Trans Fats<br />Very Low Sodium<br />Kosher<br /><br />These snack bars were created by a marketing genius, appealing to a lot of people. They taste good too! My wife likes them better than I do though. She plans on taking a few in her purse as she goes about her day. Kids probably won't like them that much, but who knows?"
"Not for the faint of heart...","This is a simple and effective meal supplement. It is not for the fly by night diet shake users who are used to highly sweetened questionable nutrition","Green-junk is a good source of protein, fiber, and omegas.","If you are looking for a good quality nutritional/meal supliment that is simple and effective this is the one.  The protein, fiber, and omegas available make this product hard to beat.  But it is not for the fly by night diet shake users who are used to highly sweetened questionable nutrition source.  It is an interesting green color with a rough grainy texture.  I enjoy mixing mine in smoothies (good non-fat greek yougrt, hemp/almond milk, berries...)or with organic apple juice. I keep it in a shaker container as I drink it as the heavier granuals will settle if left to sit. My coworkers make fun of it and call it my green-junk, but I am the satisfied one, and not the one tempted to raid the doughnuts or starving by the time lunch time hits. I also mix some up as a snack or before/after a work-out."
"taste just like cola","i'm allergic to coca cola","sparkling as you suck them","i took 4 of these to a party/club and had them with friends at 3am and everyone liked them. they were sparkling as you suck them. and the taste was very familiar to coca cola. i enjoyed it and so did the my friends who were impressed because they never had candy that were so sparkling in they're mouth before. i dont think i will buy it again because it contains ""corn syrup"" which i'm allergic too."
"Excellent, ginger treat!","These are a great little treat for the whole family!","Best Ginger Snaps I've Ever Tasted!","For years I have bought and used products from the Newman's Own line, and I have always loved them. So I was very pleased with these wonderful little cookies.<br /><br />Similar to other Newman's products, these are made with organic products (flour and sugar) under the Newman's Organics line and certified by the strict Oregon laws.<br /><br />As for the taste, excellent!!! The ginger is pretty strong in these, which I love. They are a hard, small cookie - perfect for dipping in hot tea. A serving size is 5 cookies with a low calorie count of only 130. There are no trans fats, only 180 mg sodium, and 12 sugars per serving.<br /><br />These make me think of autumn, cool weather, and hot tea. Recently when I had a cold and didn't feel like eating much, these little ginger snaps and hot tea were just the thing to revive my spirits!"
"Great for Stir-Fry and Fried Rice","Starport Foods' Brown Stir-fry sauce was perfect, great flavor, and reasonably priced for a huge gallon. I had to cook","Great Brown Stir-fry Sauce","I found Starport Foods through Twitter. I checked out their products and found this one to be suitable for my needs. I had to cook fried rice for 40 people and needed a large bottle of sauce. Starport Foods' Brown Stir-fry sauce was perfect, great flavor, and reasonably priced for a huge gallon. I was able to make vegetarian and meat versions too. Customer service for Starport Foods were great in providing nutritional information as well as recipes. I even got a tip on how to bake rice in the oven! I had enough left over to use at home to cook for my family.<br /><br />Rather than gathering all these different types of asian sauce ingredients (ie. garlic, ginger, sesame oil, soy sauce, chili paste) this one-step and easy-to-use sauce cuts my cooking time in half. I can make a stir-fry or fried rice in under 20 minutes! Glad I ordered this!<br /><br />I also don't understand the fuss with the one star review. Her complaint was that this sauce is not vegan because it has sugar in it. Not all (non ""organic"") sugar is processed with bone char. It sucks that she felt the company misinformed her. Her review has nothing to do with the quality of the flavor, use, and practicality of the product as well as the helpfulness of their customer service. Don't diss it if you didn't try it."
"The real stuff.","I'm a fan of One Coconut Water. It's a little pricey for what you get, but it's worth it.","One coconut water","Like a few of the people who wrote a review I was born and raised on a carribbean island... Barbabdos to be exact. When I came here I tried to find coconut water that actually,.. was coconut water and guess what , One coconut water is exactly that.<br />It taste like the young fresh coconut water that it clams to be from ... loook at the ingrediants no additives just coconut water. There is a difference between young coconuts and more aged coconuts. The older ones are much sweeter :) but the young ones are more refreshing and much healthier.<br />So if you dont know what you talking about..its not right to leave a negative review, because to really know the difference between coconuts you actually would have to taste the orginal product cut fresh and drink it out the nut.<br />One... Thanks.. I always crave coconut water during pregancy because there is nothing better than young cocnut water to keep a mother and her baby healthy and you have given me something wonderfull."
"One of their better flavors","This is one of the better Roland teas, with a distinct cinnamon taste that is pleasant and not overwhelming at all.","The best of the Roland teas","A lot of the Roland teas suffer from a distinct lack of flavor, making them all taste sort of the same.  But this one is one of the better ones, with a distinct cinnamon taste that is pleasant and not overwhelming at all.  If you see this on special, grab it.  It's certainly enough tea to last a while or share with others.  Recommended."
"Healthy Dogs","Innova is the best food I've ever had for my dogs.","My dogs are incredibly healthy with this food","My dogs are incredibly healthy with this food. The first time I purchased Innova, I set a bowl of it next to the IAMS they had been eating since birth (they were 2 and 4 years old at the time).  They refused to eat the IAMS.  They were overweight and have slimmed down to a healthy weight on the Reduced Fat food and I don't have to worry about their nutrition at all. Innova has everything they need. They have lots of energy, bright eyes and healthy, shiny coats.  The cost seems to be initially higher but they eat less so it is not that much more than other premium foods. I will never feed them anything else."
"i love seven seas viva italian","seven seas viva italian dressing","best italian salad dressing ever","it's the best italian salad dressing ever - i've been using it since i was a kid but it's not so easy to find anymore - just ordered six more bottles - i think i need to stock up - please keep the seven seas viva italian dressing here on amazon!"
"Ginger mints","I eat organic candied ginger for an upset stomach or when I'm craving something sweet and it's the only thing I have available. I","The only mints that taste like candied ginger","I eat organic candied ginger for an upset stomach or when I'm craving something sweet and it's the only thing I have available. I think these ginger mints taste much the same except for the texture. I was surprised at the pepper comment since candied ginger has a peppery spice flavor which is expected. They remind me of Altoids only slightly less intense. To my knowledge this is the only brand that makes organic mints in this flavor. At Amazon's current price point these would be a bargain even if they were not organic."
"Good, but not Quite Dark Enough","Good coffee at a very good price.","Good coffee at a very good price","This was good coffee at a very good price. I was hoping ""Dark Roast Espresso"" meant ""espresso roast"", but it's merely finely ground. Taste-wise, it seems more of a medium-dark than a dark roast. It's tasty, but lacks the citrus-like tang I prefer, though this might be best for most American coffee drinkers.<br /><br />Overall, this was a better than adequate coffee for an excellent price. If you're reading this, chances are you'll like the coffee. For those like myself that generally feel that the darker the roast, the better, it's still worth a buy for the cost, but don't get your hopes up for the wording on the package."
"Works but Nasty Taste","Try fenugreek and fennel seeds. Try horseradish tea.","Fenugreek and Fennel seeds are alright, but it taste weird.","I believe it works as recommended by my midwife. Fenugreek and Fennel seeds are known to aid lactation.<br /><br />Also try the leaves of the HORSERADISH TREE. For poor countries in Asia, this is one of the fave ingredients. I got my tree from an online website from Florida. If you live in a warm region, I highly recommend this. You can get it frozen in some Asian groceries.<br /><br />Fenugreek and Fennel seeds are alright, but it taste weird. I bought the tea but I decided to make my own. You can go and buy the seeds online or to your local Indian grocery store.<br /><br />But I think I'll stick with the the horseradish tree leaves. I highly highly recommend this plant. Do your research on books and on the internet. I add it to my soup and dishes or salad."
"Yum Yum!","I'm a huge fan of belly flops, but I've never had a problem with the lack of variety.","Great selection of belly flops","My co-workers and myself go through belly flops very quickly; we have a rotation and each person buys 2 bags when it is their turn.  Never had a problem with lack of variety and we all manage to eat them all up despite some of the odd flavors.  It's a mis-matched glorious bag of belly flops, take 'em like it comes because because there has been no complaints at this end."
"Don't Be Fooled!!","Don't buy this product if you're trying to lose weight.","Almost 30% sugar!","This product is almost 30% sugar! (18 grams out of 63 grams in the single-serve box) That's a greater sugar content than in ice cream or pecan pie, and much more than in Frosted Mini-Wheats. It's over four teaspoons of sugar. This single small box has 240 calories. Be careful with fat-free or low-fat products---they are often high in sugar and calories."
"Best instant, and better price than in-store","This coffee is the best I have ever had.","Best coffee I've ever had","A smooth, mellow flavor; in an effort to downsize I have given up making espresso and drip coffees and researched many brands of instant.  This one gets my vote for best flavor. It comes in jars that are beautiful for storing hardware or other small items and lining them up on a shelf.  I look at the hundreds of dollars I have spent on Amazon and have buyer's remorse for most of it.  This coffee is an exception: I will continue to buy it for as long as the price is this good and the quality stays the same."
"Great Rub for Pork and Lamb","Very nice, balance rub for pork OR lamb. Best if it is allowed to sit on the meat overnight and then grill the next day. Interesting blend","Very nice, balance rub for pork or lamb","Very nice, balance rub for pork OR lamb.  Best if it is allowed to sit on the meat overnight and then grill the next day.  Interesting blend that is slight spicy but really brings out flavor.  This is expensive, but you do not need very much for full effect.  I realize that I could blend my own but it is nice to reach in the pantry and come out with quick flavoring variety."
"favorite quick flavor","This is a k-cup coffee. It is not necessarily the best cup of coffee, but it is an excellent vanilla flavored coffee.","Great flavor of coffee!","We use k-cups almost daily, and more and more often we are finding this coffee to be the flavor of choice when we are in the mood for flavored coffee. It is not necessarily the best cup of coffee (which applies to k-cups in general), but an excellent vanilla flavored coffee, nonetheless."
"SO Goood!","I recently bought a 10 oz tub of these at the local market, and loved them so much that I am here to purchase the 5 ","YUM!","I recently bought a 10 oz tub of these at the local market, and loved them so much that I am here to purchase the 5 lb bag!!  These are so sinfully decadant; a perfect harmony of sweet chocolate and semi-tart bing cherries.  They are good size pieces too! (about the size of a quarter"
"Ditto....Just OK","Don't waste your time or money on this product.","Good service, but not worth the price","Ordered this product for a candy dish I keep for my fellow employees at work. I like to have a mix of hard candies for them so they can choose for themselves. Cherryfield Candy sent this product very fast... very good response to my order. Wrappings are cute, easy to open, nice sized small drop. But the one thing missing is the coffee taste. It's almost tasteless. My problem, I guess, is that I'm comparing it to another more expensive heavily-coffee-flavored larger hard candy. From the good price, I thought these might be smaller items, but with an equally strong coffee taste. I was wrong. I liked Cherryfield's service, but do not care for this product; I will not order these candies again. Out of 5 possible stars, I would give this product a 2 1/2."
"Happy to find","Great sour salt!","Great sour salt","I have some old Hungarian family recipes that call for sour salt and couldn't find this stuff anyplace. So I checked Amazon and was so happy to have found this. This tastes great in my stuffed cabbage and other dishes and the bulk packaging means I won't have to reorder any time soon."
"Good Bean 4 flavor pack","I ordered these items based on another review. I thought they would be a nice healtier alternative snack.br /> They arrived","Disappointing","I ordered these items based on another review.<br />I thought they would be a nice healtier alternative snack.<br />They arrived just fine, but I did not care for any of the flavors.<br />They had very little taste or were way too spicy to eat.<br />The texture when eating them was also unappealing.<br />They were disappointing."
"Teenage Daughter Loves It!","Love this pasta!","Great for a teenager who has a high gluten and wheat sensitivity","My teenage daughter recently was diagnosed with a disease and in the process they discovered she has a high gluten and wheat sensitivity.  This pasta has helped her adjust to the gluten free lifestyle enormously.  It tastes like regular pasta!  This gives her many quick meals for a teenager that is on the go constantly."
"My cat loves this stuff","I've been transitioning my 10 month old cat from dry to wet food. I really think it helped in the transition. We've also","Best wet food for my cat","Over the past 2 weeks I've been transitioning my 10 month old cat from dry to wet food. This is the only wet food that he really eats with enthusiasm. I really think it helped in the transition. We've also tried Wellness Core and EVO (also high quality foods) but he likes this stuff the best."
"No Beefs With These Beef Treats","In the world of dog treats, the Milo's Beef Jerkey is a slam dunk. They are made","The Milo's Beef Jerkey is a slam dunk.","In the world of dog treats the Milo's Beef Jerkey is a slam dunk. They are made of beef with some flavorings added. No fillers. No artificial colors. No artificial flavors. This is actually real food for your dog. Our two dogs can't get enough of the tasty Milo treats. Although called jerkey, the treats are soft enough to break apart with your hands.<br /><br />Sitting on the table at which I'm working is a bag of snacks with a picture of a famous, perky TV personality on the package. The first ingredients listed are: wheat flour, glycerin, beef, and of course olive oil. This second bag of treats isn't bad as far as mainstream dog snacks go, and there are more treats in the bag for the same money.<br /><br />Comparing ingredients, the Milo's wins this contest easily."
"Absolutely addictive!","Don't order these nuts if you are dieting!","YUM!","Do not order these nuts if you are dieting! Once you have tried them, you will want to keep eating, and keep eating. We call them ""D-mn you Heather nuts"", because she is my friend who brought them to my house and got me hooked. I only wish they came in bigger tins!"
"No More ""Tiny Bread""!  Two Artisan Baker Reviews","The Bob's Wonderful is the best bread mix!","Best Bread Mix","My mother and I are both weekly bakers- everything from scratch.  When my husband had to change to a gluten free diet- we tried everyting.<br /><br />While we LOVE the Pamelas Mix for waffles, pancakes, cobblers etc<br /><br />The Bobs Wonderful is the BEST bread mix- multiple trials, multiple seasons and two bakers.<br /><br />Gives you a normal loaf size  ( our joke is the bread you buy and all other mixes produce TINY BREAD.  little loaves or flat loaves)<br /><br />We followed the directions to a T  made no changes  aside from mixing all the wet ingredients, allowing to come to room temp adding the yeast and allowing to stand for 30 min before adding the mix and adding to the Zojurushi bread machine.<br /><br />This produced a moist, high loaf !<br /><br />YEY BOBS!"
"Thai Peanut Bake - great","This is a great way to make a big impression.","Great for a dinner party","Anyone who has used this brand knows how tasty all of the products are.<br /><br />I could not find this one in any of my local shops in my new neighborhood - so it was a great convinece to have it sent to the house.<br /><br />I used for a dinner party & all guests left w/ a packet - all very happy.<br /><br />Its an easy way to make a big impression."
"Love this product!!","Great chips!","Great chips!","I heard of these through my weight watchers magazine. They a had a $5 coupon code so I figured ""what the heck!"". WOW -- pop chips are amazing - every flavor is AWESOME! I particularly liked the salt & pepper. If you want crunch and flavor - these are for you!!"
"Wonderful, Bright Red Tomatoes Packed so Fresh I found two Leaves on the Tomatoes!","I am a food writer on Cooking Up A Storm All Over The World! at [...] and many of my chef friends were telling me about the Cent","Great deal!","I am a food writer on Cooking Up A Storm All Over The World! at [...] and many of my chef friends were telling me about the Cento Italian tomatoes; I can see why now.<br /><br />The tomatoes were packed whole and intact. And there is no need to buy sauce or puree when you buy these because the tomatoes in the can are packed in the sauce/puree! That is a great deal then as I didn't know this. I made the best Ravioli with an herbed marinara with these. I bought 12 huge cans and created a display on my baker's rack with them. I will buy these again, for sure.<br /><br />The convenience of using the Amazon Prime works out even better than I thought it would. I am telling all my friends about it and will contact Amazon about affiliate programs.<br /><br />Polly Motzko"
"The cat no longer hisses at me","Flannel is a dignified little guy.","Flannel's meds for the rest of his life","after about two weeks of twice daily blood pressure meds Flannel (15 yr old russian blue) was fed up and growling at anyone who would come near him.  He has a tiny appetite and hiding the pill was getting ridiculous at about a 50% success rate.  It took forever..... No longer the case.  He takes a couple licks at it and then swallows it up.  Perfect....!  He's a dignified little guy I hated the problem of prying his mouth open to give him meds and nothing else could promise me that he would get all of it in his mouth.<br /><br />He's going to have these meds for the rest of his life.....this is the best thing going."
"Also for shower doors, glass, and coffee machines","Works great on both and virtually any glass product as well as any chemical sensitive metals and tubing. Utilizes no harsh chemicals you find in other","Works great on hard water marks from shower doors and glass products","When checking on how to clean our Senseo pod coffee maker (requires citric acid to clean) we noticed others used this to clean hard water marks from shower doors and glass products.  Works great on both and virtually any glass product as well as any chemical sensitive metals and tubing. Utilizes no harsh chemicals you find in other cleaners that burn your eyes and eventially may destroy what you are cleaning, it is also green friendly."
"SMOKEHOUSE Products were all RECALLED in 2007","I do not understand why anyone would purchase ANY pet products made in China!!! Because they are CHEAP!","Pet products made in China are CHEAP!","I do not understand why anyone would purchase ANY pet products made in China!!! Because they are CHEAP!  Would YOU eat food made in China? All Smokehouse products were recalled in 2007, 'PetSmart has pulled various Smokehouse Brand dog treats off of their shelves. There have been reports of pets becoming ill after eating the treats, and as a precaution, PetSmart has removed the products.' Better research your pets food before you feed them if you want them to be around for awhile. Better to pay a little more than feeding your pet God only know what!"
"excellent product for your cats","I have the coolest cats ever-with some exotic in them-and this stuff is amazing and really they seem to love it! The price on amazon","Great Pet Food!","I have the coolest different cats ever-with some exotic in them-and this stuff is amazing and really they seem to love it! It does not make the poo smell bad and the digestive system of some of mine-do not tolerate much grain or gluten so that is VERY much a PLUS!  The price on amazon is better for a large-can (amount / per ounce) than i can find at local pet shops or stores.  So when you can get the free shipping it is REALLY awesome to have pet foods at your door-service too! I hope Amazon will just continue to make pet food / supplies to your home affordable and at a top price!  Sometimes though when i go to try to re order cannot find (the same deals)available.  So I just lurk and watch and wait sometimes til it is Offered again to make it affordable. Not sure why -that happens but i know i have to (watch it) to make sure i don't end up with a high shipping fee in my cart-prior to purchase."
"Oat Bran Extravaganza","Bergin's oat bran is a find--delivered right to my door!","Bergin's oat bran is a find--delivered right to my door!","This is a delicious, and wonderfully affordable oat bran. I make large batches of oat bran muffins as heart-healthy snacks for my family, and would go broke buying the same quantity of bran in small boxes at the supermarket or in the bulk food section of high-priced health food stores. Bergin's oat bran is a find--delivered right to my door!"
"Nutrition & Ingredient info...Almost as tasty as Snickers!","Definitely healthier than a Snickers and almost as tasty. Not a lot of ingredients I don't recognize. I ding it","Healthy granola bar, but not as sweet","Basically a chewy granola bar, but not as sweet.  Lots of peanuts packed in and then a thin layer of peanut butter on the bottom.  Fairly healthy (for a granola bar, which I guess isn't saying that much)  High in fat due to the peanuts, but the fat from peanuts is monounsaturated.  Not a lot of ingredients I don't recognize.  I ding it for using corn syrup and ""fractionated palm kernel oil.""<br /><br />Very filling due to the peanuts.  Definitely healthier than a Snickers and almost as tasty.<br /><br />Amazon doesn't list nutrition info on their food items so here it is:<br /><br />220 calories each bar, 110 from fat, cholesterol 0, 160 mg sodium<br />Total fat 13g, Sat. 3g, trans. 0, Polyunsat. 3.5, Monounsat. 6g<br />22 g carb, 3 g fiber, 12g sugar, 7g protein<br /><br />100% Vitamin E, 4% iron, 2% calcium, other vitamins 0<br /><br />If you've found this review helpful, please let me know!"
"Tasty for the number of calories","I've been looking for an afternoon coffee drink I didn't have to brew. They were easy to mix, tasty, and by mixing","Easy to mix, tasty, and easy to throw in a handbag or backpack","Ever since Cappucino Coolers mix became difficult to come by, I've been looking for an afternoon coffee drink I didn't have to brew. They were easy to mix, tasty, and by mixing  the powder with low fat or skimmed milk I saved calories. Frappucinos are  delicious, of course, but high in calories. Double Shots are lower in calories but not sweet enough for me. illy issimo is just as tasty as a Frappucino but weighs in at just 100 calories. And it beats the coolers, that had to be mixed, by being easy to throw in a handbag or backpack. I think I've found my new afternoon drink."
"Yummy as always","I'm really enjoying it and can't wait to buy the other flavours.","Great Candy","Apart from having to have this item sent to a friend in America who then posted it privately to me in Australia as Amazon can't send food items out of the country, I have nothing but good things to say.  The candy was delivered to my US friends very quickly and arrived here later in excellent shape.  I'm really enjoying it and can't wait to buy the other flavours."
"Just Opened my 4th Purchase","I loved the taste of Caffe Bomrad Torino.","Best coffee I've ever had","I received Caffe Bomrad Torino as a gift last Christmas.  When I opened the bag, the aroma of the beans made me want to try it immediately.  I went to their website to learn more about the coffee and how best to brew it.  My gift came with a new coffee grinder so I made it using my French Press.  I couldn't believe how good it tasted.  It wasn't oily and it didn't leave a bitter after taste.  After finishing my gift, I purchased my regular brand and couldn't believe how inferior it tasted, so I ordered some more.  It may seem pricey at first, but Kona coffee is a lot more and this is cheaper than buying a cup at the local coffee house."
"love these bars","I'm a big fan of the Genisoy Chocolate Fudge Brownie.","Best Protein Bar I've Ever Tasted","Of all of the nutrition bars that I have tried the Genisoy Chocolate Fudge Brownie is right up there in the top 4.  It doesn't taste like a protein bar - it tastes almost like a candy bar.  When I have a chocolate craving this bar can really satisfy it.  Even my husband (who hates nutrition bars) likes these."
"The best energy drink I have tried!","Best energy drink I have tried! The flavor could be described as ""earthy,"" and may take some getting used to for some people, but with","Best energy drink I have tried!","This tea is the best energy drink I have tried!  The flavor could be described as ""earthy,"" and may take some getting used to for some people, but with a little added sweetener it would be pretty good.  I prefer it plain. I have tried the regular yerba mate, but the ""Pure Endurance"" far surpasses that one as far as giving me good energy.  It puts me in a very good mood. It's worth every penny as far as I'm concerned!"
"Good Grahams","I like graham crackers, so how can you not rate them 5 stars? And they ARE Honey Maid.br /","Graham crackers are good, but not as good as Honey Maid's","I like graham crackers, so how can you not rate them 5 stars? And they ARE Honey Maid.<br />The only difference is this box has six packets, with 8 crackers to a packet. The only advantage I can see to this is taking them in your lunch or a picnic or something. I actually think 8 is a bit much for lunch. 4 or 6 and you could easily send them in your kid's lunch. So that is my one question to Honey Maid. What were they trying to accomplish?"
"Don't believe the hype!!","Don't waste your money on this soup.","I'm not a gluten free person...","I just recently switched to a gluten free diet and boy was I highly disappointed. I ordered this soup based on the comments of other users stating how tasty it was... don't believe the hype. It's quite disgusting.  First off, it's not set in broth but more of a creamy substance.  It was very salty so beware if anyone has high blood pressure.  The chicken bits tasted like rubber which I had to throw out... I guess for people who are solely on a gluten free diet, they don't have that many choices... thank god I'm not one of them.  I even gave some to my mother-in-law thinking maybe it's just me.  She didn't like it either.  I'm going back to my normal Campbell Chicken noodle soups."
"Last of the Hungry Jack","I am telling you I was lucky. I checked and found this to be the last two bottles in stock. With no fault of Amazon or the company my","Great deal!","I am telling you I was lucky. I checked and found this to be the last two bottles in stock. With no fault of Amazon or the company my item was lost, for a while and then made there way to my address. It was well worth the wait. I do not spill any of it and it taste great to the last drop. With these, I will have to make do, until, I find another good deal, such as this one! I was skeptical at first, being the syrup was in a plastic bottle, but the flavor is unreal. I would not trade or give these up for any other at this time. Thanks Amazon and affiliates for making this happen."
"Try it","I like this. The chocolate is great. The marshmallow is not the typical ""American marshmallow"" that I am used to. I like it. It has","I like it. The chocolate is great. The marshmallow is not the typical ""American marshmallow"" that I am used to.","I would recommend trying this. I like it. The chocolate is great. The marshmallow is not the typical ""American marshmallow"" that I am used to. I like it. It has that marshmallow feel to it but also has a bit of a crunch to it... almost like a light cookie crunch. For some reason it's fascinating to me. I'd love to know how they get the marshmallow center to do that... This product is something I will buy again."
"A Slight Quality Control Issue","I ordered this item on March 22nd. I expect to get its replacement from Blue sometime today. So, what's a month, anyway?","Blue's products look good, but they make a strong case for buying locally","I ordered this item on March 22nd.  I expect to get its replacement from the people at Blue sometime today.  So, what's a month, anyway?  The first one that came from Amazon had a constant, high-pitched tone.  I emailed, then called Blue, and eventually spoke to a pleasant tech support guy who was aware of the problem. He allowed that the company had shipped out a number of units with this defect.  That's always good to hear.  So, several emails later, I received a Return Merchandise Authorization, and shipped it right back to them.  Who knows, if this one works, maybe I'll like it.  Blue's products look good, but they make a strong case for buying locally."
"Sweet kitty","I bought Royal canin and he loves it so much every morning he follows me around until I open a can !","My kitty loves it","I had my persian on Earthborn grain free and he just seemed so board with it. Its great food as far as ingredients goes but I knew that he needed wet food in his diet as well so I went to the specks and they were out of Earthborn wet so with hesitatation I tried this and wow my kitty gobbeled it up so fast and was so excited!I felt so bad like I was starving the poor thing lol Know I buy Royal canin and I dont feel guilty because he loves it so much every morning he follows me around untill I open a can !He gets one can a day and a small bowl of dry to nibble on throughout the day as he pleases He he couldnt be happier !!"
"Best litter box from Amazon","Get a litter box for your cat.","Great litter box for my new cat","This litter box has two pans in the bottom with a sifting pan.  It makes it easy to sift the litter, put the mess into a trash bag, then put the sifter in the second pan and pour the sifted litter into the other pan with the sifter in it. You change it back and forth each time.  The top keeps the cat from throwing litter out as he covers his deposit and also you don't have to look at the mess.  It's easy to change and the cat likes his privacy too.  I had purchased one about a year ago for my daughter's cat, but when I looked for one for my new cat, the only place I could find it was at Amazon."
"Really works!","Love them!","Great for a picky dog!","My very picky dog LOVES these.  And even better, they really have improved her breath!  I worried when I saw they are made in China.  But after her annual physical, she is in fabulous shape (for a 14 year old, 8 pound dog!). I will continue to purchase these for her."
"Health food!","I love chips and hate the idea of having to give them up because they are no good for me...these ROCK and are an integral part of my","Great Chips","Look, I love chips and hate the idea of having to give them up because they are no good for me...these ROCK and are not detrimental. Taste great and a FULL bag are around 300 calories...cannot beat it...these are an integral part of my having dropped 30 lbs in the past 2 1/2 mos..."
"Not for use with Keurig - But good coffee","This coffee is not to be used with the Keurig coffee machines. I purchsed these on the recommendation of Amazon, and when I got them","Good coffee, but not for Keurig","This coffee is not to be used with the Keurig coffee machines.  I purchsed these on the recommendation of Amazon, and when I got them, I found out they are pods, not K-Cups.  However, since Amazon has a No-return policy for grocery items, they refunded my account, and I kept the coffee pods.  I will say, I did cut some of these open and used the K-Cup ""use your own coffee"" thing, and tried this coffee.  It is very good.  Other than the hiccup with the purchase and it not being for use with the Keurig machine, it makes a good cup of coffee."
"Where's the Lobster?","I don't like Lobster Corn Chowder.","Worst Corn Chowder I've ever had","Just received my Lobster Corn Chowder. Was very excited to eat it for lunch, until I tried it. I added cream, butter, salt, pepper as directed and it still lacks flavor. My wife tried it, who is from Maine, where the product comes from and she didn't even like it. Lobster is supposed to be the second ingredient, but I literally don't see any. I will not order this product again."
"Less chemical-tasting than other Chips Ahoy products","Don't waste your time or money on these prepackaged cookies.","Very strong ""chemical"" taste","Word of warning: I found these cookies to have a very strong ""chemical"" taste that made them near-inedible.  They weren't as bad as a lot of other prepackaged cookies I've had in the past, but they still had a very strong chemical taste that made them distinctly unappealing. If you're the sort of person who prefers more organic products, I'd stay clear of these."
"dogs love it","I was looking for a different S & C product and couldn't find it so ordered this. The dogs love the patties so I'","Dogs love this product","I was looking for a different S & C product and couldn't find it so ordered this.  The dogs love the patties so I'm quite happy with the product.  Still, I wish I could find the other product that my dogs were absolutely crazy for - it'd be nice to see a photo of the product itself rather than just the bag.<br /><br />The patties get mushy if any water is introduced (humidity) so keep that bag closed tight."
"Very Dry and Salty","I don't know about buying a box of 24. It is VERY DRY, CHEWY and SALTY. So dry","VERY DRY, CHEWY and SALTY","It is VERY DRY, CHEWY and SALTY. So dry and chewy that my tooth hurts. One stick serves 19% of your daily sodium needs. Wouldn't hurt to eat once in a while, but I don't know about buying a box of 24. Yes, I made a mistake of buying a box, but it was on sale. I couldn't resist. HELP~~"
"Newton's Fruit Thins","I'm not a fan of cranberries or fig newtons, but these are a great way to get your daily fiber.","Great taste and a great way to get your daily fiber","Excellant. I do not like cranberries or fig newtons so I wasn't expecting much from these but I got a very nice surprise. They taste fantastic. I got the cranberry citrus oat. Very crunchy with great sweet taste and the fruit is definitly in every bite. They are about 2 1/2 to 3 inches across and about the thickness of 2 wheat thins. There were 30 in the 10.5 ounce package. I already ate 10 of them, hard to put them down once you start eating them. What a great way to get your daily fiber as well. They have 4% of your daily allowance in just 3 cookies. The best used by date was August 23 & I got them April 25 so plenty of time to eat them while they are fresh. Who am I kidding..... They won't last until tomorrow.... Order these or get them in your store, either way you won't be disappointed & I'm sure the kids will love them too, even babies just old enough to have crackers will love these. Gotta go, have some new cookies waiting for me to eat them...."
"Not to good.","Not a fan","Not a fan of this drink","I, myself am not from latin america so I didn't grow up on this or anything. To be honest, it tastes like sugary vegetable soup with tonic water. kinda of tastes like caramel as well. If you never tried this I suggest not trying it. I had this drink 10 minutes ago and my stomach hurts and every burp makes me feel nauseas. I feel that tomorrow, my stomach will not agree with me. If you ever feel the need to puke I suggest drinking this. I apologize if I am offending anyone but it seriously doesn't taste good."
"SANTA FE BEANS ALMOST TEXAS STYLE","Great product!","Delicious!","Bought these at suggestion from a friend who lives in Bandera,TX. We were both looking for the Mexicali Rose brand which appears to have gone out of business. She found these at HEB grocery. Tried them and told me they were as good as Mexicali Rose brand.<br />Yummy and delicious. Quick to fix. I used less water than stated to get a thicker product. Also use boiling water rather than faucet or microwave Hot water.<br />5 Stars definitely............and I'm stocked up for the winter like a squirrel and all it's nuts!!!!!"
"My dog LOVES this........","Thank you!","Autumn can't wait for me to feed him every morning!","We used to have two pomeranians - Autumn and Teddie.  Ever since we lost Teddie last summer, Autumn became very depressed and wouldn't eat.  We tried so many different brands including home-cooked, he would only ate a couple times and wouldn't touch it anymore.  He lost so much weight and got us so worried.  But that all changed when we found Organix and that's the only brand Autumn will eat.  Now he can't wait until I feed him every morning.  The cost Amazon offered is less expenisve than other retailers and you can't beat free shipping!!  Please continue carrying it!!"
"Cats weren't thrilled at first","Can't say enough good things about this cat food.","My cats were not really thrilled with the ""new"" canned cat food","My cats weren't real thrilled with the ""new"" canned cat food. But I believe over time they will learn to like it better, since it does have real ingredients that cats truly need, and not all the fillers and junky stuff that is sold in the supermarkets. I believe they will be even healthier in the long run, eating this cat food."
"Really fresh, but water plus no bone or skin makes more like tuna.","I'm not a fan of sardines, but this is a good choice.","The best sardines I've ever had","So, these were sort of bland, but I sure can't complain about the quality.  If you want your sardines firm and fresh without all the oil and without the scales and the bones, this is a great choice.  I'll bet if they were mashed up and mixed with mayo and relish and served to me, I'd think I was eating tuna!"
"Pretty Snappy, but Very Hard","My mother was afraid to eat these cookies, because they were so hard.","Delicious, but hard.","On the plus side, both my son and I loved, loved, loved the taste of these. These really are snappy ginger snaps. But on the minus side, my mother was afraid to eat them, because they are so hard. She was afraid she'd break her veneers. So these cookies get a big thumbs up for taste, but a thumbs down too, because they are way harder then they ought to be."
"oily, gritty finished product","i'm a big fan of hodgson mill products (we love their bread mixes, i use their pancake mixes) i","i'm a big fan of hodgson mill products","i'm a big fan of hodgson mill products (we love their bread mixes, i use their pancake mixes.) i'm not afraid of whole grains  (i mill my own grains, wheat, kamut, rye, barley) and i even put milled flax seed in my (home made) yogurt. I've been a baker for 35 years and love to try new recipes.<br /><br />i had high expectations for this product but was very disappointed by the results: the box calls for too much fat and the baked brownies have a distinctly oily feel in the mouth.  I can enjoy the grittiness and the chocolate flavor is fine but i would caution buyers against the results if following the instructions on the box<br /><br />one of the problems is that the coarse texture of the mix does not allow the fat to be absorbed well.<br /><br />i will go back to making whole wheat brownies from scratch.  a little bit of time required... a little less convenient but brownies being a treat (and comfort food), the texture should be right :)"
"Delicious and Rich Flavor","I have tried a lot of different coffees for my Keurig machine, and to me, this is the absolute best ""get up and go","Best ""get up and go"" coffee for breakfast","I have tried a LOT of different coffees for my Keurig machine, and to me, this is the absolute best ""get up and go"" coffee for breakfast time.  The aroma alone is enough to wake and entice, and from the first sip, my taste buds are happy.  This has become my ""cvoffee of choice"" to start my day.  I am now on my fifth box, and will be ordering more when this starts to run low.  And thanks to Amazon Prime, I never have to worry about shipping delays making me run out and having to start my day with something more ""ordinary""."
"Tastes good but it's not what I thought it was.","This chai tastes amazing! However it is very misleading on this site when it says 99% caffeine free. On the canister it says there'","Great chai, but not 100% caffeine free","First, let me state that this chai tastes amazing! However it is very misleading on this site when it says 99% caffeine free. On the canister it says there's 65 mg of caffeine in every 8 ounce serving! That's more caffeine than 8 ounces of Mountain Dew! I bought this in bulk (2 canisters) because I thought I could drink it at nighttime in the place of hot cocoa (14 mg of caffeine) but now it's going to take me forever to go through all this since I can only drink it in the morning! If I knew about the caffeine I probably would've tried the single packets.."
"Super Sour, Over too Soon","Sour Candy is a sour candy, but it's not a warhead. It's a lemon drop.","Sour Candy aficionados this is about as good as it gets","For those of us Sour Candy aficionados this is about as good as it gets.  It is a shame that the initial sour blast goes away so soon and all you are left with is a boring old lemon drop.  It has an advantage over the Warheads mega sour candy because the sourness tastes distinctly like lemon and does not have the chemical undertones that the Warheads do.  In addition the lemon drop is better than the pathetic candy that you are left with when the sour part of a warhead is finished."
"Delightful blend of flavors","Great salsa for a quesadilla with monterrey jack cheese.","Great salsa for a quesadilla","We bought this salsa regularly at the local grocer when we lived near Houston, TX.  But, when we moved to VA, it wasn't available.  Amazon to the rescue.  Try making a quesadilla with monterrey jack cheese and this salsa, accompanied by your beverage of choice.  We love the raspberry flavor heated by the chipotle and smoothed by the cheese."
"SMOOTH  Tasty  Coffee","KONA is a good choice for a quick cup of coffee.","KONA Peruvian","I checked out the Peruvian from DIrect Coffee from Amazon then I purchased a lb of the<br /> 100 %  KONA.  Even  when I perc stronger by using less water. it is smooth and non acidic.<br /> Also makes a great cop with a single serve Keurig.<br /><br />The Peruvian has a slight  grassy after taste not objectionable just different.  I' like a  true medium roast which really works with the KONA. I'll try the Jamaivan blend next and report  on it.  So far KONA leads in my taste test,  I like coffee that isn't bitter. so both are good choices.<br /><br />If on the road try the restaurant that has a little girl on the logo. It is also smooth even if it is darker than what I roast at home."
"I wanted to like it","Not what I expected. I was hoping for a minty coco flavor. I wanted to like this tea, but I just did not. Too many","Too many flavors for real mint, it gave it a dirty funny taste","Well this tea was not what I expected. I was hoping for a minty coco flavor. I wanted to like this tea, but I just did not. It had a strange after taste that I could not shake. Too many flavors for real mint, it gave it a dirty funny taste. I think they tried to do too much here. I see where others loved it, I just did not. I don't think I can drink anymore of it. Be cautioned if your looking for a minty, chocolate tasty treat, this is not it. Too many flavors give it a muddy strange taste. I'm sure I will get slammed for my opinion, people hate people who disagree with them here on Amazon, but in good conscience I could not rate this any better."
"Edible, but just kinda ""meh""","I'm not a fan of Combos cheese-food, but this is a decent snack.","A decent snack, but not an instant heat burst","The corny outer shell is nice, and there is a tiny kick of jalapeno in the cheese.  It's not an instant heat burst, though, more like creeper heat.  Typical Combos cheese-food stuffed in the middle.  It's a decent snack, but I'd take a Big Grab of Doritos over these any day.  Thanks to my boss for giving me a 3/4 full partial bag of these.  He was not impressed."
"THE BEST SLAW YOU WILL EVER EAT !","Love At First Taste!","Love At First Taste!","I was in Nashville,TN about 3 weeks ago and my wife and I went to the Farmers Market in Nashville  and one of the Daughters of Betty Jo's was at the Betty JO's Slaw booth. I went over to taste the slaw and it was Love At First Taste. I got a card and just now ordered 3 Hot Slaws and 3 Mild Slaws. Can't wait to get it on some Pinto Beans and Cornbread!!!!!!!!!!!!  It was very easy to order the slaw from Amazon. Have great day to everyone!<br /><br />Jones from Oklahoma Go OSU"
"Really, how many sugar, carb packed energy drinks does this world need","It does taste better than red bull and about the same as Rock Star. But seriously, 2 of these day as some people reported seems to be putting","Bad a$$ mystique","66g of sugar in the form of High Fructose Corn Syrup. 260 calories (in the form of sugar carbs). 174mg caffeine. A smattering of vitamins. Yes it will keep you awake. And yes you will inevitably crash from it. (I did.) It does taste better than red bull and about the same as Rock Star. But seriously, 2 of these day as some people reported seems to be putting you on track for health problems. And why in the world does an energy drink need a skull on the front? I downed my can before doing an MMA session. The guys in my class were not extra intimidated when they saw the skull. (Bummer.) I did not have any greater than usual work out ability. Time did not slow down. UFC fighters and BJJ black belts did not run away in fear.<br /><br />This really isnt a bad drink, I was just hoping for something different or better or healthier than EVERY OTHER energy drink out there. Instead it just seems to be trying to cash in on some sort of bad a$$ mystique. While pumping you full of carbonated water, HFC and citric acid. (Also contains Soy?!?)  I'm going to stick with black coffee, green tea, yerba mate, exercise and multivitamins for my caffeine, energy and supplement needs."
"NEEDS PROPER HANDLING","i tried to brew tea like black tea. AWFUL! then, i researched tea and found different varieties require different methods of","YUMMY!","unbrewed leaves had a hay smell, i tried it anyway, brewing like black tea. AWFUL!  then, i researched tea and found different varieties require different methods of brewing.<br /><br />since there are few variables, i decided to expirement before tossing this out. tried sun tea, better, but with an off taste.<br />then, i  tried hot [not boiling] water for a short time. PERFECT!<br />brewed exactly right, this is yummie."
"Great Cappuccino","I really like this cappuccino. It is very tasty. We add a little Torani flavoring to ours. The only reason for","Great Cappuccino","I really like this cappuccino.  It is very tasty.  We add a little Torani flavoring to ours.  The only reason for the 4 stars and not 5 is because the Skinny version is better, less calories.<br /><br />This cappuccino is better than any K-Cup.  It's like going to Starbucks, but at home."
"A great way to get your cookie fix.","A review for cookies? Why not?","My wife and I love Oreos. Every once in a while she picks up a bag at the store and we eat some","A review for cookies?  Why not?<br /><br />My wife and I love Oreos.  Every once in a while she picks up a bag at the store and we eat some with milk.<br /><br />The problem is that we feel compelled to finish off the bag before they get stale.  Since all the kids are gone that's tough.  It's not really good for us and after 3 or 4 nights it gets kind of old.<br /><br />Recently she got a 12 pack assortment of cookies which contained Oreos, Nutter Butters, etc.  I wondered if there was a way to just buy a whole bunch of ""snack packs"" for Oreos and sure enough Amazon has them.<br /><br />Now we can have that 6 cookie ""fix"" without having to remember to pick them up at the store or worry about them going stale if we don't finish them off."
"Fig jam","I love fig jam and this is the best one on the market.","Best fig jam on the market","If you like jam but have not tried fig jam, this is the jam for you.  It has whole fruit in it and it is not too sweet.  It has a wonderful fig taste, which is a very delicate flavor.  I love fig jam and this is the best one on the market."
"The greatest rum cake ever.","I shipped Tortuga rum cakes to my family for Christmas.","My family loves Tortuga rum cakes","I fell in love with Tortuga rum cakes during a cruise many years ago.  It is now a tradition for me to ship cakes to my family for Christmas.  I stuck with the original reciepe until this last Christmas.  I added the chocolate rum cake and the pineapple rum cake as presents.  I didn't get to taste the pineapple cake but my mom and brother who got to taste both strongly agreed that the pineapple was super moist and had more of a rum flavor than the original and the chocolate cakes.  Needless to say, they have place their orders for this year's Christmas."
"Friend liked'em, I did not","I'm not impressed with the Oreo Peanut Butter Fudge Creme flavor. The fudge-y taste was waxy and clo","The Oreo Peanut Butter Fudge Creme flavor is overbearing","I got the Oreo Peanut Butter Fudge Creme flavor through Vine and I was not impressed. The Peanut butter flavor seems very muted to me, while the fudge was overbearing. The fudge-y taste was waxy and cloying to me, for the peanut butter all I could do was faintly smell the aroma - I can't say there was much of a peanut taste at all. I had my friend (who's a big peanut butter dessert fiend) try them and he really liked them so I guess it's all up to personal preference.<br /><br />The ingredients list hydrongenated soy or rapeseed or cottonseed listed in the ingredients and according to the Mayo Health Clinic, if the ingredients does not say ""fully or completely hydrogenated oil,"" it is possible that there are some transfats. The nutrition facts do not list transfats but nor does the package have the ""zero transfats"" advertised - so it's really up in the air.<br /><br />What I can say is that it was about 80 degrees outside at the height of the day and the cookies were partially melted and stuck together by the time I opened the package. So if you're in a hot area, that might be a point of concern. I think what it comes down to is that I highly suggest trying these out in the store before buying a pack of 4 - just saying it's ""Oreos with a peanut butter filling"" doesn't really describe it in my eyes."
"loose leaf tea","This brand was very good.br />After reading comments that it was weak I added more to brew and was very happy with","Very good flavor and flavor","This brand was very good.<br />After reading comments that it was weak I added more to brew and was very happy with the flavor.<br />Very smooth not bitter.<br />It's not weak in the green tea sense but I did use double compared to Lipton loose leaf tea.<br />But for way less than half the price for 2lbs of Lipton still a good value and taste."
"Great box of treats at a great price!","We bought the Keebler cookie & cracker assortment 36 ct @ an awesome price!br />Today the","Keebler cookie & cracker assortment 36 ct @ an awesome price!","We bought the Keebler cookie & cracker assortment 36 ct @ an awesome price!<br />Today the 3rd and 4th boxes [dated Sept 2011]came..great assortment-easy to grab and go for busy people..from toddler to adult..you get assortment without having larger open boxes. With Amazon Prime and free shipping you can't go wrong!"
"I FOUND IT! ! !","I finally gave up and called the company direct to see where I could get it. They will start selling it in late September. Not sure if it","Not sure if it will be at all Costcos but it is worth stocking up for the next year","Like all of you I am dying to get more of this wonderful cornbread.  I finally gave up and called the company direct to see where I could get it.  The rep told me it is only sold at Costco during the fourth quarter.  They will start selling it in late September.  Not sure if it will be at all Costcos but it is worth calling your local store to make sure they order enough for you for the next year.  It usually has a year or longer shelf life so I recommend stocking up.  He also suggested I go to Target and get the Honey Amber Cornbread.  It is very close to this one.  I think he said it was by Archer Farms, I'm can't remember.  I hope this helps all of you who are dying to get more of this wonderful cornbread.  Have a great day!"
"Morning Glory Breakfast Cookies","I like several of the flavors of these cookies and usually have one a few times per week. Very convenient to eat in the car while taking my","Very good!","These are very good!  I like several of the flavors of these cookie and usually have one a few times per week.  Very convenient to eat in the car while taking my daughter to school.  Product is wholesome too, so you can feel good about eating them.  I order frequently and hope Amazon continues to carry them."
"What?  All These Folks Are Right?","I'm a big fan of this sauce. It's a little pricey, but it's worth it.","Best sauce I've ever had","I read the nine reviews that preceded me and wondered how a product depending on a person's taste could consistently receive five stars.  Is something suspicious here?<br /><br />Nope!  Here's the tenth five-star rating in a row, and I'm tough.  This is the best sauce of its kind (or any kind) I've ever had; and I'm an old guy who's been around.  Just the right sweetness, just the right hotness.  I'd love to soak a chicken in it, as well as dip egg rolls and chicken nuggets.<br /><br />These big bottles won't last and I'll be back for more, fer shure.  Absolutely more than worth worth the little price, this stuff should be standard in every home, along with plumbing.<br /><br />And my sincere apologies to those other reviewers for doubting you."
"More for  me!","Kopi luwak is the best coffee I've ever had!","Kopi luwak is pooped out of a civet cat!","For those of you who are freaked out about a little expiration date on the coffee... are you SERIOUS?  Do you know that there is a coffee out there called Kopi luwak ? (seriously, Google it!) yeah, it is pooped out of a civet cat and sold for 600 bucks a pound.  So, really...  this is not MILK for crying out loud.  You all can stop buying it then, and that will be just more for me!  NOW, on to my review.<br /><br />This is the BEST coffee ever.  And you can not beat the price.  If you poured a cup of fresh brewed into one cup, and then made this instant coffee and put it in another cup, I DEFY you to tell the difference... in fact, I would lay odds that you would point to the instant and call it fresh ground/fresh brewed!"
"Not the Annie's I'm used to","Not very good on their own. The cocoa ones are almost bitter instead of sweet. The vanilla ones are just kind of bland. The texture is ","Not very good on their own","These cookies are not very good on their own. The cocoa ones are almost bitter instead of sweet. The vanilla ones are just kind of bland. The texture is a little lacking as well. I would recommend these to accompany something else, like a gluten free biscotti for your coffee, but not on their own.<br /><br />I'm glad Annie's is making gluten free items, and I wish I could try Annie's guten free mac and cheese, as it has good ratings. For now, I just have to wait and hope they come out with a better gluten free cookie than this."
"The Best Soup anywhere","I have yet to buy Hanover Foods Canned Soup from Amazon but...","I have yet to buy Hanover Foods Canned Soup from Amazon but..","I have yet to buy Hanover Foods Canned Soup from Amazon but..<br />I buy Hanover Chicken Pot Pie at my local SuperMarket (Associated in Astoria NYC NY)<br />This Soup is absolutely the best anywhere on earth.<br />I'm waiting for Amazon to carry this product and hopefully I can buy by the case to save some money.<br /><br />*** Honover Foods Canned Soup, you are #1<br /><br />Yours Truely<br />Jamal Astoria NY 11105"
"Confused about Title of Product","I bought this for my parents and they loved it. The ad is very confusing because it includes the word ""3-pack"" in the title","My parents love this popcorn","My parents love this popcorn.<br />The ad is very confusing because it includes the word ""3-pack"" in the title but not in the description.<br />There are two descriptions for this products and both say 6 packages... yet the title says 3-pack.  What does this mean?  3 packages of 6 packages meaning 18 containers of popcorn?<br />Also why can't it be shipped to APO addresses?  It is the same postage as to US addresses?  Also I've bought this for my parents before and they loved it. (they have an APO address)  They loved the Zebra chocolate kind the most, so this time I bought ONLY the Zebra chocolate type.  I assume it is really 6 packages and am just ignoring the word ""3-pack"" for now.  I notified Amazon yesterday that the image didn't match the title, but the only way I could do that was to say the Image didn't fit, so they removed the image today - BUT I REALLY THINK THE TITLE doesn't fit and the image was fine. So I just bought this hopefully 6 packages of popcorn - and I had it shipped to APO address and Amazon accepted by credit card - so again I don't understand why they are titled it a 3-pack and why they say they don't ship to APO addresses when they do."
"Great pasta","Love it!","Great pasta for a gluten free family","My daughter is gluten free, but our entire family likes this pasta.  My husband claims it is not as heavy feeling as some pasta is.  Even my picky teenager likes it.  The fact that you don't have to boil it is a plus.  The first two times I used it, I was worried that it would not cook through, but that was not an issue at all. You can't go wrong with this product."
"The best I've found","I've tried a number of ginger beers/ales after stumbling upon some locally, and of those Fever-Tree","Fever-Tree is the best ginger beer I've tried","I've tried a number of ginger beers/ales after stumbling upon some locally, and of those Fever-Tree is simply the best.<br /><br />I'm not picky about carbonation so I can't comment on that, but it has a strong ginger bite and isn't overly sweet. The real selling point is that the flavor comes from the ginger and not fruit juice or added spice, exactly what I want. I say this in relation to Reed's ginger beer which I place just behind this in ranking; it has a similar bite, and is also 'natural', but is rather sweet and the pineapple and lime juices don't contribute to the experience. I say spice in relation to Blenheim's spicy ginger ale which is just that. I could be wrong, but regardless it's beyond the point where it's palatable. I've also tried the Ginger People variety which lacks the bite and sweetness, leaving an earthy ginger taste. I don't enjoy it alone but it is present in the Fever-Tree brew, and this is good. I suppose I should note that I haven't tried these as mixers<br /><br />The downside (at least for us US folks) is obviously the expense. I can't quote prices but even with Prime Fever-Tree is more than 3 times the cost-per-ounce of Reed's which is available to me locally. And the question, is it worth it? For me, mostly. I don't drink much soda, but I'm accustomed enough that I can overlook Reed's's sweetness for its price. At the same time I will keep stocking these with the intention of making them last. I certainly don't regret buying a case just to try it. They're. Just. So. Good."
"Tastes oh so good","I love these breakfast nuts, I eat a bag every morning as I don't spend a lot of time in the mornings before I","Best breakfast nuts I've ever had","I love these breakfast nuts, I eat a bag every morning as I don't spend a lot of time in the mornings before I leave for work.<br /><br />My girlfriend loves the other flavors w/ apple slices, but this is my favorite flavor. Just wouldn't suggest paying the price Amazon is asking for them, when you can get them a lot cheaper at Food Lion."
"Low in Sugar, Carb, and Calories and NO artificial Sweeteners Woo Hoo!!","This is a great drink!","Low Sugar, Carb and Calories!","I am so impressed with this product, I just had to write a review.. First, I never drink any of these type of drinks because of the aftertaste and the usual artificial sugars, and waste of precious calories.. but this one is low sugar,carb and calories wow! I only drink water (no tea,coffee, soda etc..) so this is a nice treat to change things up! I will defiantly be buying this again they really hit a home run!!"
"Going back to this brand...","I've been using the Orijen brand for years now until recently due to the economy.","Chow Chow's bile threw up","My picky, finicky Chow Chow could barely be coaxed to eat any of the other foods I bought for her until I brought home a bag of Orijen. You would have been under the impression that I was giving her a bowl of raw (or cooked) meat if you saw her eat it and didn't know better. I've been using the brand for years now until recently due to the economy I've purchased a couple bags of high quality, less expensive food for my Pit Bull who has always had a healthy appetite... not too picky, so I thought it wouldn't make a difference, but after a few weeks now he's been throwing up bile the last three or four days in a row, and just today he threw up his food, so I'm going back to Orijen for him. I noticed there is some pro-biotic ingredients in the Orijen brand as well, so that may make the difference. Either way, I've trusted Orijen since my Chow gave me the ""tails up"" years ago! I also found satisfaction that Orijen was never on the dog food recall list several years ago when pets were dieing from a cheapened ingredient filler coming from a source that people hadn't known about prior... so I trust the makers."
"The best choice of dry food","I have been using this dry food recipe for five years on five different cats and they are in excellent health.br />First and foremost","Best dry food for cats","I have been using this dry food recipe for five years on five different cats and they are in excellent health.<br />First and foremost, they all love it. That is an important point because the best of food will not be of much use if the cats will not eat it. In addition, as a former veterinary scientist, I study the composition, not the advertising prose. In my opinion, the lamb is the best because of the nigher meat to fat ratio. [the chicken version is mostly offal with an unhealthy fat content, not to mention other ingredients].<br />My cats are mostly indoor dwellers and this lamb recipe provides both leaner meat and dietary fibers. I occasionally mix a little ""Indoor cat"" dry food to boost up the fiber content and all is well.<br />I love to see lean and happy lively cats with a shiny coat and no health problem whatsoever, that tells me that I have found the right balanced food, that and three empty bowls - of course."
"When 'very vanilla' is high praise","This is the best vanilla powder I've ever tasted, and it's worth every penny.","The best vanilla powder I've ever had!","There's nothing Plain Jane about the performance of this product. The aroma and flavor are heavenly, mouth-wateringly vanilla-y as soon as I open the bottle. It's a good value. As another reviewer said, you need only 1/4 teaspoon of powder for every 1 teaspoon of liquid extract called for in a recipe. Or, if you're like me and always add more vanilla than the recipe calls for, use as much as a 1/2 teaspoon per teaspoon, and your baked goods will taste decadent!<br /><br />One thing I especially appreciate is the strong vanilla flavor without the alcohol of liquid extracts, which allows me to use the powder in uncooked creations, like smoothies, fruit salad, and as an unexpected accent in salad dressings."
"Delightful gift","The lasagna was a complete meal.","Great gift for vegetarians!","I have vegetarian friends and wanted to send them a special gift for Christmas.  They enjoyed the roasted vegetable lasagna. The tray was plentiful for two with left-overs for 2 more meals. In fact, with a tossed salad, the lasagna was a complete meal. This couple enjoyed the vegetable lasagna so much that I will send it to other friends. I enjoy the meat lasagna myself."
"Tasty Dutch mints!","I grew up in a small town in Michigan with heavy Dutch roots, and one of my favorite Christmas traditions was when my Mom brought out the ","My favorite Christmas mints!","I grew up in a small town in Michigan with heavy Dutch roots, and one of my favorite Christmas traditions was when my Mom brought out the tin of Wilhelmina peppermints in December.  These mints are very different to your typical American breath mints - larger size, different texture, and milder taste.  Somehow they're pepperminty without being Menthol-y, and they have a slightly sweet aftertaste - with perhaps a hint of vanilla?  They're perfect for an after-dinner treat that freshens your breath without burning your tongue or totally shocking your taste buds...  Anyway, I hadn't had any in years and was delighted to find them on Amazon.  I bought some for my boyfriend to try, and he quickly became addicted to the ""Christmas mints"" and always keeps a baggie on hand!"
"READ the ingredients","I haven't had a Werther's candy for a long time so I bought the little box of sugar free - had ","I haven't had a Werther's candy for a long time so I bought the little box of sugar free - had ","I haven't had a Werther's candy for a long time so I bought the little box of sugar free - had a couple and then read the ingredients which include Acesulfame-K.  look it up - in my opinion it's poison - worse than aspartame that companies use in diet soft drinks that affects the circulation of the brain.  I see more and more people reading the labels on products in the aisles of the supermarkets.  Read the labels -"
"Funky tasting water","I'm a big fan of coconut water after hard training, so I have a bit of bias. The concept of this water seemed sound unlike","Not a good replacement for coconut water after hard training","After a hard and intense set of interval training, a refreshing and replenishing drink is often key to recovery.  The concept of this water seemed sound unlike the sugary drinks that are typical advertised with artificial neon colors and poured over coaches at the end of a winning game.<br /><br />Personally, I'm a big fan of coconut water after hard training, so I have a bit of bias.  The most notable problem I had with this drink is it didn't taste like water should.  The water tasted ""metallic"" which sort of makes sense at a 9.5 pH.  I could barely drink it down as it didn't taste right to me, but I did.  I noticed no benefit after drinking it and felt I had more cramps and shakes than after drinking other replenishing beverages.<br /><br />I see no benefit to this product and it simply doesn't taste right to me."
"Naturally Refreshing!","It's a refreshing drink, but it's not a fruit juice.","Delicious sparkling juice with no added sugar.","This is a delightful sparkling juice that is naturally refreshing. The lightly-carbonated drink has a lovely scent and color, courtesy of the blackberry juice. The portion is just right to make 1 glassful, and at 90 calories is a nice alternative to a regular, high calorie soda.<br /><br />There is no added sugar; all the flavor and calories come from the blackberry juice itself. I didn't think it was overly sweet, but my husband did.<br /><br />Now this isn't what I would call fruit juice. It's flavored water, and very nicely flavored as well! But for people (like me) who prefer their water to be 0 calories, 90 calories per serving may be too much, which is why I rated it only 4 stars."
"Liquid Napalm.","I was the first to take the plunge. I tried to pour just a drop onto a small plate of nachos, but more than I","Brutal, unquenchable inferno from the pit of hell","At a cookout, a friend showed up with this stuff. I was the first to take the plunge. I tried to pour just a drop onto a small plate of nachos, but more than I wanted came out - maybe a 1/2 teaspoon. I mixed it around and dug in; it was good, but packs some serious 5 alarm heat. It is sweetly smoky, but this lasts only for the initial few seconds before the blazing, unquenchable inferno from the pit of hell begins. My eyes watered. Sweat formed on my brow. My nose ran. Brutal... just brutal. Another friend poured this stuff on his burger like ketchup (dripping down the side), and ate it like it was nothing! I can only conclude that my friend has a cast iron stomach."
"These croutons are the bomb!","Great for salads, soups, or right out of the bag.","Great for salads, soup, or right out of the bag!","Crispy, crunchy, buttery, perfectly garlicky, and great on salads, in soup, or right out of the bag.  They make a good salad DEE-licious!  These are $1.99 per 5-ounce bag where I shop, so this 12-pack Amazon thing is a good deal (saves 73 cents per bag...I use these all the time in salads so totally worth it to buy them in bulk, and with Amazon Prime free shipping or Super Saver free shipping you aren't even spending a dime to have them shipped.)"
"Rasberry Raw revolution bar YUCK","The bar looks good on the ingredients list, but it tastes bad. It has an oil film all around it. To eat it every day I could","Bad taste","The bar looks good on the ingredients list, but it tastes bad. It has an oil film all around it. To eat these every day I could not do it, if it were a survival situation I could probably choke them down as the have no after taste thanks to the oil film."
"I love this brand!","Love the Tea Forte infusers!","Love the Tea Forte infusers","One of the Tea Forte infusers was part of my annual Administrative Professionals Day gift. I ordered this sampler in response and I have to say I absolutely love this brand. They offer a great selection of teas with exciting flavors and the infusers create the perfect cup of tea every time. I'm a regular customer now."
"Best tasting and easiest instant oatmeal we've tried!","Great breakfast item!","Great breakfast item!","We adore this oatmeal.  I was surprised at how good the ingredients list was and the taste is wonderful!  Large dried cherries, plenty of pistachios and I believe there are even almonds as well as multi-grains.  We reordered in different flavors hoping to find them as tasty.  We even ate it uncooked with milk...still yummy and quick as we are always running out the door to work, some class...whatever.  Great, quick breakfast item!"
"Don't even bother...","DO NOT BUY THIS THING!","This bag of dog treats is pretty much worthless. The ""buffalo bites"" are soo freeze-dried that they are literally","This bag of dog treats is pretty much worthless. The ""buffalo bites"" are soo freeze-dried that they are literally feather-weight, mostly air, and that has the consistency of packing peanuts. These treats aren't even crunchy for my dog to indulge in and enjoy. I will not be buying another one of these tiny bags filled with buffalo air bites."
"Great Thai Ice Tea","I made a batch of tea and it turned out great!","Great tea!","I read the instructions on the back but I found it too messy. So I decided to place 6 tablespoons of the tea into my coffee maker and brew it with 4 cups of water and it turned out great. I added 5 teaspoons of sugar and let the tea cool and then served it tea in a glass of crushed ice and topped it off with Half and Half...just like the Thai Restaurants."
"Vegan Mac and Cheese","Not a fan of this mac n cheese.","Not a fan of non-dairy mac n cheese","I would say this rates around standard for your non-dairy mac n cheese. It's alright, edible, and filling but not amazing and something you would be craving to have again. I like that it's organic and whole wheat at a decent price. Not sure I would buy it again as I expected something a little more cheesy like. I rather get some noodles and pasta sauce over this."
"Healthiest cat ever","I've been trying to get my cat to drink more water for a while now, but he's starting to lose weight.","Healthy for cats, but expensive, inconvenient to get, and the cats don't like it very much","A while back, when my cat was around seven years old, I noticed he was starting to drink more water.  I know what that means -- his kidneys were starting to struggle with the protein load; something which affects all cats if they live long enough.<br /><br />With other cats, as they aged or started showing signs of trouble, I switched them to Feline KD Prescription Diet, something available only from vets.  it's healthy for them, but it's expensive, inconvenient to get, and the cats don't like it very much.  Since my current boy had been eating Iams all his life, and this ""Active Maturity""  had just become available, I thought we'd give it a try. It's been great.<br /><br />His water consumption went back to normal. He looks fabulous and incredibly healthy -- perfect teeth, perfect eyes, shiny gorgeous fur.<br /><br />My only complaint might be that he likes it a little *too* much, if you know what I mean. I'm in danger of having a fat cat who begs for  more constantly. (He's licking my arm to try to convince me to feed him as I type this!) But that's more a problem with the cat, than the food."
"""DANG HOT"" BUT GOOD","I love spicey and when I was stationed in Japan I could not find it! Till I saw an ad for Balir's","Great spicey rubs!","I love spicey and when I was stationed in Japan I could not find it! Till I saw an ad for Balir's. I ordered the original and After Death. The original was just right of heat but I am a little daring so the After Death was a great way to add a liittle more heat!<br />I'd reccomend the rubs too for barbequeing meats-Really good"
"A little disappointed","I'm a Lavazza lover. The Gran Filtro (Blue Stripe) has been a favorite of mine for years.","Not as good as I'd hoped","I'm a Lavazza lover. The Gran Filtro (Blue Stripe) has been a favorite of mine for years. I asked my son to pick me up a bag of 'Gran Filtro' at a shop near his apartment, and he returned with the Dark Roast beans (Brown Stripe). I instantly loved the dark roast and when I found the coffee at Amazon, I ordered it as ground coffee. It just doesn't taste the same to me. Maybe it's the way I grind it, maybe it's just fresher when the beans are ground just before brewing. Whatever the reason, and I'm working on it, I prefer the beans to the ground coffee. It's not like it's bad coffee, it's just not as good as I'd hoped."
"Absolutely Disgusting!","Don't buy this!","Smells like a filthy behind/tush","My office of 4 women tried this coffee. Every single one of us thought it was disgusting. Some of us checked to see if the beans had mold on them because it tasted SO bad.  And the SMELL! We didn't notice it when we were making the coffee but if you take a little sniff from the bag, it almost makes you want to vomit. A couple of us decided that it smelled like a filthy behind/tush.  I seriously can't believe that any business, let alone Starbucks, would sell this!!! FOR GOODNESS SAKES DON'T BUY THIS! It's HORRIBLE."
"DRY PACKET FOOD NOT POUCHES","DRY PACKET FOOD","DRY PACKET FOOD","I usually order Plum organic vegetable squeezable pouches for on the go but it comes one flavor per bulk.  So when I saw this variety pack, 8 count POUCHES I decided to order. I recieved it today and it is DRY PACKET food not POUCHES... False Description.  To make it worse I went online clicked on return-i got a message states this item is not returnable.  I feel ripped off with the FALSE DESCRIPTION.... How can you describe DRY PACKET FOOD as POUCHES???"
"Better than Cocoa Puffs!","It's chocolate, crunchy and satisfying.","Good for a late-night snack","Kellog's Krave Double Chocolate Cereal is chocolate, crunchy and satisfying. I liked it with soy milk or almond milk, but plain old cow juice would be fine. It has a light, crisp texture and a real chocolate flavor. For me, it's probably better for that late-night craving even than for breakfast, but a bowl of chocolate crunchy stuff, milk and a piece of fruit wouldn't be a bad start for any old day."
"Smells Good, Tastes Good . . .","The flavor of this coffee is subtle and mild, but it's not a terribly large quantity.","The taste of the coffee itself really matters to me.","Since I drink my coffee black without any creamer or sweeteners, the taste of the coffee itself really matters to me.  This vanilla-flavored coffee comes ground, which saves me the step of grinding the beans myself.  Even though the beans are pre-ground, the flavor after brewing was still deep and rich, and the aromatic fragrance of vanilla still permeated after I opened the vacuum sealed bag.<br /><br />The flavoring of the vanilla in this coffee is subtle and mild.  I mention this because with some flavored coffees, a particular flavor can be quite distinct and strong, and dominate the taste of the coffee.  For me personally, that can be a good thing or a bad thing depending on the particular flavor; I like pumpkin spice strongly flavored, while I prefer cinnamon and vanilla to be more subtle.  So, if you are looking for heavily flavored vanilla coffee, expect something a bit more subtle with this flavor.<br /><br />At 11 ounces, this is not a terribly large quantity of coffee for the money.  That said, however, Starbucks has never been the bargain hunter's choice for economical coffee, and this is reasonably priced in relation to other speciality coffees."
"Not for a smaller dog","Don't waste your money on this gizmo!","Great product for a Shih Tzu","This gizmo is HUGE!  If it weren't so much trouble I'd send it back.  Looks like a great product for a St. Bernard, but for my 13-pound Shih Tzu it's overkill.  There may be a smaller version, but I can only imagine what the hard plastic would sound like on my tile floors!"
"Bold and Flavorful coffee","I love the Italian Roast Via coffee.","The best coffee I've ever had!","We buy the Italian Roast Via at least once a month and it is the only coffee we drink in our house. It is bold, flavorful, robust and is ridiculously easy to make. Brewing regular coffee in our old coffee maker seems like such an archaic ritual. If you like good and rich coffee, I would highly recommend the Via."
"Wickedly Hot","I am a die-hard wasabi lover...but these are coated in a salted hell-fire dusting that literally made the stomach and","Not a fan of wasabi","I am a die-hard wasabi lover...but these are coated in a salted hell-fire dusting that literally made the stomach and lips erupt. I should have known. Annie Chun's is always a let down; fast food Asian. The others (Korean) were out-of-stock, these were on gold box. Wasted. I can not give to anyone with out fearing to cause pain. Best to trash and remember never buy Chun, it's always chum."
"jolly rancher sticks, cherry","i was very happy with both orders. they are the cheapest i have found anywhere on the internet. these are shipped out from new jersey and","cheapest i have found anywhere on the internet","This is the second time i have bought these cherry jolly rancher sticks and i was very happy with both orders. they are the cheapest i have found anywhere on the internet. these are shipped out from new jersey and i am in a neighboring state so once they are sent out it only takes like 3 days to get them. these sticks are big enough that i can break them into 3 to 4 pieces before i open them and they are like a regular jolly rancher size and they are just flat and spread out instead of in a round tube like. If you only like the cherry these are the best to get for the price and they are exact in taste. Enjoy"
"decent quality, good value","They're good but not premium quality. Most of the cashews are broken in pieces as small as 1/4 inch. 20-30% of the","Good but not premium quality","These cashews taste fine and are good if you want a lot of cashews cheap.  They are good but not premium quality.  Most of the cashews are broken in pieces as small as 1/4 inch.  20-30% of the cashews are whole, up to an inch long.<br /><br />Overall, they're fine for snacking, especially if you have hungry teenagers.  I guess I was a bit disappointed when they arrived, because I can get bigger whole cashews for not much more."
"So refreshing!","Love the flavor of mango pineapple with a hint of green tea! Super refreshing to drink on a nice hot or warm day and I especially enjoyed it","Delicious and refreshing!","Love the flavor of mango pineapple with a hint of green tea! Super refreshing to drink on a nice hot or warm day and I especially enjoyed it after a walk around the park. Quenched my thirst and didn't leave any disgusting after taste in my mouth that some other mix ins can leave. Super easy to mix into my drink: I just opened the packet, poured it into my cup, added cold water, and stirred. I had to stir for awhile to break everything up all the way otherwise I can see myself drinking little undissolved particles.<br /><br />What was so interesting about the flavor for me was how refreshing it was to drink and so flavorful. Right away you can taste the mango and pineapple, which are a perfect combination together, but there is also a hint of green tea behind those flavors. Thrown throughout the whole blend is a slight taste of honey that just compliments everything together. If your a fan of these flavors and are looking for a really refreshing drink, I have to say give Lipton To Go Stix Iced Green Tea Mix, Tea & Honey, Mango Pineapple a try for I am sure you will find it just as delightful and refreshing as I did.<br /><br />Please note that this is 5 calories per a serving, but keep in mind that 1 packet contains 2 servings so in fact it is 10 calories per a serving that I have been using. But I have also been using it in a really tall glass that holds more then 8oz of water (More like 13ishoz) hence both servings work just perfect for my taste level. Enjoy!"
"New Espresso Drinker","I bought this coffee when I purchased Bialetti Moka Express L'Original 12 Cup Espresso Maker. Up until now, I've had","The best coffee I've ever had","I purchased this brand of coffee when I purchased Bialetti Moka Express L'Original 12 Cup Espresso Maker. Up until now, I've had no experience with either. Normally, I'm the type of person to find one brand of coffee and stick with it. When the price of my current brand of coffee shot up, I started looking around for something else.<br /><br />What caught my eye was the Arabica/Indian/Robusta blend. It sounded so exotic. Plus, the chocolaty flavor in the description. I've never been one for dark coffee, but if it had a chocolaty undertone, I was in. Besides, the onetime cost of $20.13 for a pack of four (as of 07/23/2011) was reasonable.<br /><br />My cup of coffee is mixed with equal parts of cream, but my husband only uses a little. Both of us agree this is a smooth cup of coffee with no bitter taste. We love it so much that I've signed up for the subscribe and save plan. Now it's only $17.11 for a pack of four. Again, this is as of 07/23/2011."
"A Welcome Change","This is a light, tangy tea with a hint of licorice.","Sweet and tangy","I wasn't sure about this tea at first because I had tried several other teas that contained licorice that were just too sweet for me. However, I'm pleasantly surprized by the light, tangy flavor of this tea. The sweetness is there, but it's not overwhelming. I'm not certain that it's done much for me in relation to ""detox,"" but I certainly like the taste, especially after lunch. It seems to settle my stomach and help me digest."
"Best dog treat ever","My dogs love these treats.","My dogs love these treats!","Finding these treats was a complete fluke. When on vacation in Hollywood, FL we stopped in a gourmet pet store. There was a cute yorkie that we were petting and we told the owner we had Chihuahuas. He was buying Zukes and absolutely raved about the treats. He recommended the chicken but we purchased the peanut butter treat. We keep the treats in the fridge. My dogs LOVE these treats. If we open the fridge they are right there. The size is perfect for training. I can't say enough great things about the product, healthy and it makes my dogs happy."
"oddly delightful","The extra dessert delights sugarfree mint chocolate chip gum is a remarkable creation. the flavor has a distinct chocloate/mint chip","The extra dessert delights sugarfree mint chocolate chip gum is a remarkable creation","the extra dessert delights sugarfree mint chocolate chip gum is a remarkable creation.  the flavor has a distinct chocloate/mint chip flavor--minty with a hint of chocolate.  it is so weird, but it's fun.  the reason i did not give it five stars was because it really made me want to go out and get ice cream.  rather than take the place of a treat, it caused a craving.  not what i am looking for in a gum.  but if you like chocolate mint chip ice cream or the combination of the two flavors together, this is something to try."
"Red Star Baking Yeast Good product at a great price","You can't beat the price,1 pounds for $7.95 sure beats $8.99 for a 4 ounce jar at the supermarket","Red Star is the best yeast out there, but not always available at my supermarket","My daughter-in-law gave me a 1 pound bag of Red Star yeast last Christmas and it has lasted me 4 months, baking a loaf of bread almost everyday. I take a small amount and put it in one of my old 4 ounce yeast jars and freeze the rest and it has kept very well. In my opinion Red Star is the best yeast out there, but not always available at my supermarket and you can't beat the price,1 pounds for $7.95 sure beats $8.99 for a 4 ounce jar at the supermarket"
"go raw chocolate granola","Sooo good! Soothes the sweet tooth, but unfortunately sometimes ignites it(I find myself reaching in for more than the serving size","Soothes the sweet tooth, but sometimes ignites it","Sooo good! Soothes the sweet tooth, but unfortunately sometimes ignites it(I find myself reaching in for more than the serving size). I don't feel too bad though because it is healthy and has over 300 mg of omega 3 and is a sprouted raw food. Because it is raw it's helpful to the digestive system as well. I am not a raw foodist but this is an easy way to play that part at least supplementally."
"Big Disappointment","Don't buy this if you're going to give it to your sister as a birthday present.","Great idea but not worth the money","My sister received this as a birthday present.  I could have put together a better basket by shopping in the candy section at Cracker Barrel.  Save yourself the cash and put together something yourself.  It will be much better quality.  Some of the candy was stale and some items were crushed.  Great idea but poorly put together."
"Poor idea of a mix.","Not a fan of this mix","Dissatisfied with this so called mix","Have not even used this so called mix yet and it may taste very good, most of the Kinnikinnick products do.  The reason for my dissatisfaction is the fact you must add 12 egg whites to what is suppose to be a mix.  Before my need to use gluten free products, I was able to buy angel food mixes that did not require adding eggs and of course expected this to be the same.  If you are going to use fresh egg whites, you may as well use your own rice flour as well.  I was looking for the more simple way baking a gluten free angel food cake.  Also not sure why the box says to (spray or grease) the pan, never have heard of doing this with an angel food.  Doubt this is going to end well!"
"At least try them","I have been eating these since I was a kid, growing up in a meat and potatoes house with a mother who was raised Seventh Day","High in protein and easy to make","I have been eating these since I was a kid, growing up in a meat and potatoes house with a mother who was raised Seventh Day Adventist.  They are high in protein and don't need anything fancy to prepare them.  We just heat them up in their own juices in a skillet, serve with mashed potatoes and corn.  My kid loves them.  Maybe they are an aquired taste but definately should be given a chance."
"Great Idea, but no match for a smarty","My mutt chewed the rope off the toy.","My mutt chewed the rope off the toy","I was so excited when I bought this toy, imagining the hours my dog would spend entertaining herself with this toy. Unfortunately my mutt took two seconds to size it up and decide that the best way to get the treats out was to chew the rope off, which she did promptly. She was right, and I could hardly be upset with her, but I was disappointed that such an expensive toy was so easily destroyed."
"Delicious, but messy.","It's a little pricey, but it's worth it for a baby who loves what's inside.","My one-year-old loves what's inside of this handy little pouch, but getting it into her mouth and not all over herself is impossible.","My one-year old absolutely LOVES what's inside of this handy little pouch, but getting it into her mouth and not all over herself is impossible. The title says ""6 months +"" but beware that a baby that old will not know how to operate the squeeze-and-suck skill to actually eat what's inside.<br /><br />The first time I opened it I ended up putting it into a bowl for her to spoon eat. Great for travel, but logistically difficult if you want to avoid a mess."
"Very Tasty, but no healthier in my opinion.","Great Pop-Tarts, but they're a bit pricey.","Delicious Pop-Tarts","First the good news, these are absolutely delicious.  They have a great natural flavor, not too sweet, enough filling to satisfy and a crust that's tasty as well.  Very good.  Two are pretty filling, too.<br /><br />But, they cost a bit more (not less) than regular Pop-Tarts (they are 6-count vs. 8-count per box)and their ingredients are just about identical nutritionally.  They may be ""organic"" (whatever that means), but they have just as much sugar, fat, calories, you name it.<br /><br />But, did I mention they are delicious?<br /><br />I'll still be buying my favorite Pop-Tarts, but these will be on my list as well."
"smooth, no bitter aftertaste","Senseo vanilla was my favorite until I tried this one. This has a stronger coffee flavor without being bitter. Now I use this one exclusively.","Senseo vanilla was my favorite until I tried this one. This has a stronger coffee flavor without being bitter.","Senseo vanilla was my favorite until I tried this one.  This has a stronger coffee flavor without being bitter. Now I use this one exclusively.  I would like a stronger taste of the creme brulee, but none of the flavored coffees have a really strong sense of the flavoring, no matter what they're called.  I do like the smell of the vanilla in the senseo, but the coffee is better in the Baronet."
"Don't Get Sucked In!","Don't buy this if you're craving watermelon candy.","Don't buy this if you're craving watermelon candy","I LOVE watermelon candy of every variety and type.  When I went on a quest to find the Twizzlers that had the watermelon filling, all I could find was this.  I figured that, since they already made a successful (albeit not successful enough) watermelon-flavored candy, they must have the flavoring down. Sadly, I was very mistaken. I strongly urge you NOT to buy this if you're craving watermelon candy! Someone in another review got it right, this product tastes strange.  I rated it at a 2 because it is barely edible. Whatever you are used to in watermelon candy flavors, this is not it at all.  Unfortunately, I subscribed to save on price and shipping and also to get a steady supply.  I've cancelled my subscription and I'm going to try and get rid of the other 5 bags that came in the shipment but I feel kinda bad for whomever gets them.  If the expiration lasts long enough, I might give them away at the Christmas gag party."
"The perfect training treat!","The Zuke's are the best I've found that are not incredibly expensive. The small size is perfect for obedience training with my dog and","Best Zuke's I've found","I looked long and hard for a good ""natural"" product with no grains or crap in it and the Zuke's were the best I've found that were not incredibly expensive. The small size is perfect for obedience training with my dog and none of the flavors I've found leave any mess in my pockets. Treats do not have to be large or impressive to be effective. The smaller the better, I say. My dog and I both really like these."
"it ain't Pernigotti... Not even close.","Not as good as Pernigotti Cocoa. Not as dark in powder form, not nearly as intense cocoa taste as a hot drink.","Not as good as Pernigotti Cocoa","Thought I would try this - its cheaper than my regular - Pernigotti Cocoa. I use this as a daily hot drink, sugar and milk to taste, topped with cinnamon and nutmeg.<br /><br />I would consider this product in the same class as Hershey or Trader Joe cocoa. Nothing wrong with it, but its not nearly as good as the Pernigotti. Not as dark in powder form, not nearly as intense cocoa taste as a hot drink.<br /><br />Its just ""ordinary"" cocoa powder, while the Italian stuff is really special, and worth the extra price. If I was baking with huge quantities I might feel differently, but in a hot drink this is the only thing you taste, and the difference is immediate.<br /><br />."
"Disappointing or Delicious?","The Tazo's Teas aren't as good as they used to be, but they're still good.","Not a five-star tea","As someone who has formerly raved about Tazo's Teas I can say that my first experience with this tea was less than satisfactory. Using two teabags with 12 ounces of water produced a flavorless tea that didn't even have the hint of cinnamon let alone the fragrance of apples. Realizing that the weakness of the tea was the reason for my dissatisfaction I tried brewing the tea by using four teabags and 12 ounces of water. This produced a very acceptable tea with a full-bodied taste and the delicious fragrance of freshly picked apples. The ingredients in this tea include: African Rooibos, cinnamon, natural flavors, apple and chamomile. While this tea is not a five-star tea it is at least slightly comforting in the winter and if you brew it for longer than you would normally brew tea then you might find it to be delicious instead of disappointing.<br /><br />~The Rebecca Review"
"Single best gluten free product period.","Try Pamela's Baking Mix.","Pamela's Baking Mix is delicious, versatile, and so good family members who can eat gluten prefer pancakes, waffles,","Pamela's Baking Mix is delicious, versatile, and so good family members who can eat gluten prefer pancakes, waffles, and cakes made with this mix. Try their recipe for sour cream coffee cake for a real treat, and go to their web site for many more recipes. Do not confuse this with their bread mix, which isn't as tasty or versatile."
"boring boring boring","I'm not a fan of Chinese fortune cookies, but I've tried these mini-bites. They're self-help mini-","These are not fortune cookies, they are self-help mini-bite bites.","Reading in earlier reviews that these were genuine chinese fortunes, I served them with a chinese Christmas dinner and was greatly disappointed, as were my guests.  Three sample fortunes are:  ""Life is not a struggle.  It's a wiggle.""  ""Management is doing things right: leadership is doing the right things.""  ""If you're feeling down, try throwing yourself into your work.""  These are not fortunes, they are self-help mini-bites.  A fortune is:  ""Your love of travel will soon be satisfied,"" and it doesn't matter if they are predictive or not.  What matters is that they state a fortune.  ""Beware the dog in the corner house,"" would be fun to get.  ""Life is a wiggle"" is boring.<br />The cookies arrived on schedule, as promised, and in good condition in their individual wrappers.  All of that was as I'd hoped.  But content counts, in fortune cookies especially."
"love these","I'm a bit compulsive about keeping her teeth clean. She normally gets a Greenie a day along with an additive","My Golden Retriever loves these!","I get a lot of stuff from the Amazon Vine program but this is the first item that I liked so much that I added a subscription to my account for them. Freakin' LOVE these things. My golden retriever is 3 years old. She sees the vet every six months (ongoing medical issue) and each time the vet checks her teeth. She has never had to have a vet cleaning because I'm a bit compulsive about keeping her teeth clean. She normally gets a Greenie a day along with an additive in her water and regular teeth brushing. Yet there always seems to be a bit of tarter build up on her back teeth that I end up scrapping off with a scaler. After chomping down just two of these, that tartar was completely gone. The nice part is that they are much harder for her to chew than the Greenies. Even though I gave her size medium, it still took her several minutes to chew it up. (Greenies are gone within a matter of seconds) And she LOVES them. I'm pretty sure she would save a baby from a blazing inferno if she thought that is what it would take to get one. When she sees me going for the bag, she starts in with doing all the tricks she can think of. Hilarious to watch. They smell...interesting. Like mint and beef jerky? I can't put my finger on the smell exactly. It's not bad or anything. I am now getting a bag of mediums sent each month and will make it a part of her weekly dental hygiene. Very glad to have found these!"
"Break Easily","The first ball worked pretty well, it just looked beaten up. The tea itself is pretty good and fairly tolerant of being steeped for ","The first ball worked pretty well, but the tea itself is pretty good and fairly tolerant of being steeped for a long time","The first ball worked pretty well, it just looked a little beaten up.  Since then, ~half of these have fallen to pieces in hot water (all of them do after sitting for a bit).  If you don't mind the rate of failure, the tea itself is pretty good and fairly tolerant of being steeped for a long time (especially considering that it is white tea)."
"Where are the cherries? (plus, it isn't real granola)","I bought this ""granola"" because it looked good on the box with the dried cherries in it. But when I poured out my first bowl","Not a granola at all","Bought this ""granola"" because it looked good on the box with the dried cherries in it.  It turns out it is ""granola"" in only the loosest sense because it has just a bit of real granola (ie; rolled oats) mixed in with a whole bunch of rice crisps.  Cheap.<br /><br />The worst part though was the complete lack of cherries.  The photo on the box shows dried cherries interspersed in the spoonful of cereal depicted.  But when I poured out my first bowl of cereal no cherries whatsoever were visible.  I wondered if maybe they had all settled to the bottom, so I took the bag out of the box to look... no cherries at the bottom either.  I poured the entire contents into a mixing bowl and eventually found a single chunk, about 1/8 the size of a pea, that might have been a tiny chip off of a cherry at one point.  That was it.  Putting ""cherries"" in the name of this cereal is thus a total lie.  It should read ""there might be a remote chance that you'll find a tiny chunk off of just one cherry in this cereal"".  What a ripoff."
"No prob with french press, very tasty!!","I'm a big fan of LaPrima Shops!","Great coffee!","I bought it after the great reviews. Instead of buying the bialetti for the stovetop, I used my bodum french press despite of it being too fine ground. 2 Cups of hot microwaved water (getto style haha) with 1.5 scoop of coffee is perfect for me. Despite of it being very bold with the crema on top, I'm surprised that it doesn't taste bitter and sour at all! I added a bit of french vanilla, VERY TASTY! Get the individual brick if you're still not sure (sold by LaPrima Shops for $7.49)<br /><br />Try it, you'll love it!"
"High Quality & Great Price!!","I'm overwhelmed by the price for a small jar at the grocery store. I bought this .62 oz bottle online and saved","Bay leaves add a subtle flavor nuance","So many soup and stew recipes I use call for bay leaves--they add such a subtle taste nuance. But I'm overwhelmed by the price for a small jar at the grocery store. I bought this .62 oz bottle online and saved a bundle without sacrificing quality. Thanx, Amazon and McCormick's!"
"Not really gummy or fruity","Very very disappointed. Will be giving 11 bags away and not ordering any Haribo again.","Very Very Disappointing","These are coated in sugar which make them less gummy and kind of dry. They are very firm and chewy more than gummy. They have a lot of citric acid which makes them tart but there is no discernible fruit flavor in any of them. If you ate each kind with your eyes closed, you would not be able to tell one ""fruit"" from the other. Very very disappointed. Will be giving 11 bags away and not ordering any Haribo again."
"Post-work out perfection.","I'm a huge fan of Orgain. It's a great way to lose weight.","Great Weight Loss Drink!","Initially I used Orgain for weigh loss replacing 2 meals a day with it and I lost about 25 pounds over the course of 5 months.  Now I'm using Orgain as a post workout drink and I've never felt better.<br /><br />I owe my health to this drink and recommend it to all of my friends and family.  Used to drink slim fast and will never get near it again after how delicious this is, both chocolate and vanilla!"
"APPEALS TO MY ONE PICKY EATER WHEN ALL ELSE FAILS!","This is the best dog food I have ever had!","Best dog food I have ever tried!","I have 10 toy poodles.  One deals with terrible allergies.  I buy other very good canned dog foods to mix with their dry food but he would just barely touch it.  In trying to build up his resistance and get him to gain weight I have been trying different canned dog foods,  (along with other things) all which are very high grade.  This one finally did it!  My other dogs just love Happy Hips, which is an excellent quality dog food and very similar, of late, but not him.  He goes crazy over this food and the added perk, it is good for him.  It smells like human quality food, I think.  I shall continue buying it. I wish it were a little less expensive but compared to some others in this quality range it at 20.95... it is less expensive!  I am also now using the Avoderm dry kibble now (see my review on that) which is just the most perfect dog food for all my little ones.  I am very happy with the quality of dog food this company makes.  So glad I found it."
"Worked well as gift","Great product!","Great gift for my brother!","I got these as a holiday gift for my brother. He has hunted all his life, basically, and knows his venison. He approved and said these are really good! He actually LIKED what I sent him for a change! Whew! An aspect we both really liked is that they are a low-fat, high-protein gift, which he can enjoy over the holidays without worrying so much about blowing his healthy diet. Great product! The ""individually wrapped"" part was appreciated by him, too. That way they stay fresh."
"Fresh lemon all year long","Squeeze a squirt of lemon juice.","Squirt it in soda, tea, and cake icings.","This organic squeeze contains fragrant oil from the lemon peel, and, in my opinion, that is what gives it the fresh zing that is pasturized out of most bottled lemon juices. This one tastes more real than any bottled or squeezed lemon product, it is very close to fresh wedges. I squeeze it in soda, tea, on rice and veggies, even in cake icings. Rim cocktail glasses or just squirt a little in your water bottle. I like putting a pitcher of water out on the dinner table with a slice of lemon in it, but while it looks lovely, the peel can give the water a bitter taste after a few hours. A squirt of this does the trick without any bitterness! Pop in the fridge after breaking the seal."
"Spicy and flavorful","I would purchase this product again. I had not seen this product in the grocery store before, so I decided to give it a try and was glad","Best Cheetos Flamin' Hot","This was my first time trying Cheetos Flamin' Hot because I normally purchase the regular Cheetos flavor and I when I tried this flavor, I enjoyed the robust spicy flavor alot.  I would purchase this product again.  I had not seen this product in the grocery store before, so I decided to give it a try and was glad I did."
"Great Chew Toy!","Great ring for a 115 pound German Shepherd.","Great ring for a 115 pound German Shepherd","I have a 115 pound German Shepherd and obviously he has very strong jaws.  Chew toys typically do not last long in my house. He loves this ring and it has lasted for about a month now.  Of course it is only about a fourth of the size now but that should certainly be expected with such a large dog.  I am thrilled with the durability and just ordered another one today."
"Wonderful Tea","I am an avid tea drinker and have been making it more and more of a daily ritual. The Triple Leaf Ginger Tea has become my new favorite","Triple Leaf Ginger Tea","I am an avid tea drinker and have been making it more and more of a daily ritual. The Triple Leaf Ginger Tea has become my new favorite. It brews nicely and can be weak or strong, depending on how many bags you use, I prefer it strong. It is noted to helop with digestion, and I have to say, I ahven't had any problems in the few months that I have been drinking it. I would highly recommend not only the Ginger tea, but all of the many varieties of Triple Leaf Tea."
"Best food for small breed dogs!","Sophie loves Fromm food and we do too! After trying many foods with no luck we came across Fromm and knew it was Sophie's new food","Our Silver Dapple Miniature Dachshund Sophie loves this food and we do too!","Our Silver Dapple Miniature Dachshund Sophie loves this food and we do too! After trying many foods with no luck we came across Fromm and knew it was Sophie's new food from day one. This food had done great at keeping her weight in check and her coat soft and shiny. She has to eat less and poops very little due to there not being any fillers in Fromm foods. We tell every person we meet about this food, all of our friends have changed their dog to Fromm and love it for their pups too. Thank you Fromm for making such a great food for our Miss Sophie!"
"Yum. Tasty, Portable and No Calories to boot!","MIO Sweet Tea is a nice alternative to going without sweet tea until the next time you end up South of the Mason-Dixon line.","Sweet tea is a great alternative to the Mason-Dixon line.","If you like sweet tea, as I do, but you either (a)don't like calories or (b)live far, far away from the parts of the country where sweet tea is a given in any restaurant or at home, then this is a very nice alternative to going without until the next time you end up South of the Mason-Dixon line.<br /><br />MIO Sweet Tea comes in a cute little plastic teardrop container, which holds at least 20 glasses' worth of tea concentrate. (More glasses of tea for me, and fewer for my Beloved Husband, who generally likes his tea double strength) The plastic container is fairly liquid-tight, and doesn't leak when I carry it in my purse.  However, a single bottle that was mailed to me leaked a couple of drops in the envelope.<br /><br />This sweet tea is quite tasty, in my opinion.  However, I come from New England, and never even tasted sweet tea until I was in my thirties.  Those who were raised on sweet tea, had it in their baby bottles, and expect delicious and perfectly prepared sweet tea might not find it as palatable as I do. (I felt compelled to add that disclaimer, because I went to restaurants with Southern friends who told me that the sweet tea in a particular establishment was terrible when I found it quite tasty)<br /><br />Enjoy!"
"If It Ain't Broke, Don't Fix It","I bought these last year, thinking I was buying what I had always bought. When I tasted them I thought maybe these are some new, extra kind","Don't buy these again!","I don't know why companies always mess with a good thing. At least Coke learned their lesson. I bought these last year, thinking I was buying what I had always bought.  When I tasted them I thought maybe these are some new, extra kind, and I just picked up the wrong box...nope. They changed them all. Without even asking their customers. The flavor is fruity in a very bad way, the satisfying slighty crunchy texture is gone. I can see in the stores this year that they are still the same as last year.  A few unsuspecting people pick them up and put them in their carts...but not many.  These are definitely not flying off the shelves.  After Valentine's Day there will be tons of them left, they won't be able to give them away. So goodbye until you go back to the old Conversation Hearts!"
"Not as shown in the picture...","I don't like the type of water I get.","Dissapointed","Since the picture shows six different type of bottled water, I thought I would get all of those kinds in each shipment (I signed up for subscribe & save). However, I only got 24 bottles of one kind, not six different kinds... Very dissapointed, especially that the kind I received was the one that I don't like the most. I canceled the subscribe & save order for this product."
"I am buying this one!","I love the idea that it has the vitamin E and Shea butter in it and infuse the hair with moisturizer and clean the skill as it","Best shampoo I have used in years","Clear scalp is the best shampoo I have used in years. I love the idea that it has the vitamin E and Shea butter in it and  infuse the hair with moisturizer and clean the the skill as it moisturizes and clean the hair at the end of the day. This product is good, I like I'm going to buy some more of this product and keep it on  my self as I run out. The price is just right."
"Sweet & Spicy: Natural & Artificial Flavor","I have been enjoying Good Earth Original Sweet & Spicy tea but the last box had a different flavor, which I don't like. I","Good Earth Original Sweet & Spicy (natural flavor) tea","For years I have been enjoying Good Earth Original Sweet & Spicy (natural flavor) tea but the last box had a different flavor, which I don't like. I wasn't aware that it was actually a different formula that has artificial flavor added. The two packages are almost identical in appearance. You have to read the fine print on the lower portion of the front of the package just below where it says ""Herbal Tea Blend"". One will say Natural and the other (as shown by Amazon here) will say Natural and Artificial Flavor.<br /><br />In talking with a representative at Good Earth, I have been informed that they still make Sweet & Spicy without the artificial flavor. I expressed my concern as to their lack of clear differentiation on packaging. Buyer beware!<br /><br />Update: I have since purchased some of the Natural (no artificial flavor) and found that it too was quite different than I had been used to. Not only was the flavor different but it was very weak compared to the old stuff, which I could easily get two cups out of. The new stuff tasted like it had already been used for two cups before it got to mine."
"The perfect treat!","Great for a quick snack or a snack for the whole family.","Perfect for a snack with crunch and saltiness","These things are unbelievably good and satisfy so many cravings all at once.<br /><br />First - they are crunchy, so if you have a need for a snack with crunch, this is perfect.<br /><br />Second - the are both sweet AND a little bit salty.  Just enough salt to add a slight tang to the flavor.<br /><br />The texture is great, and the 2-ounce bag is the perfect size ... for yourself.  You won't want to share."
"Love it or Hate it","This is a love it or hate it soup. I happen to love this soup... and was lucky enough to get a bunch of it a","Love it or Hate it soup","It seems by all of the 1 star reviews, this is a Love it or Hate it soup.  I happen to love this soup... and was lucky enough to get a bunch of it a few years ago for $2/can during some kind of sale they had online.<br /><br />This is my favorite Amy's soup, and many other people love it too...<br /><br />The only real way to know is try some for yourself, don;t let other people talk you out of trying it, because you might really like it.  It is supposed to be a thin soup, and every can has a single bay leaf in it (nice touch)."
"Australia's healthiest export","Vegemite is a low-calorie, low-fat spread that has a unique flavour.","Vegemite is a low-calorie, healthy product that you won't be able to stop talking about.","Vegemite <a href=""http://www.amazon.com/gp/product/B002O10K6C"">Vegemite 400g Jar</a>is practically unknown in North America, but I'll bet there is no one is Australia of an ethnicity who has never heard of Vegemite, and of those who have, almost everyone will have some at home. Every restaurant and side of the road eatery carries it. It comes in tubes, jars, and little packets like jams and butter substitutes do in the US. It is Vegemite, the concentrated yeast extract spread that goes on most slices of bread or toast Down Under. Dark brown to be almost black, it has a strong taste, so if you're a novice, spread it thin. Americans who try Vegemite fall into two categories: those who hate it or love it immediately. Don't take my word for it, check it out online: there is no better sourse for B vitamins than Vegemite. If your are used to nothing other than peanut butter and jam on your bread and toast, you are ready for a change, a change for a low-calorie healthy product that you won't be able to stop talking about. It's flavour is unique; it's closest cousin is the British and New Zealand Marmite, though similar, is not the same. Ordering it in the US is more expensive than getting it Oz, but it is a sacrifce that I am happy  to make just to have it on the table."
"Comfort Food","My family loves Kraft Speghetti!","My family loves Kraft Speghetti again!","My family thought we'd never have Kraft Speghetti again until my sister had to travel to Columbus, OH and found it in a store!  She brought home several boxes and we were all hooked again.  Then I found it on Amazon by the case and we all share a shipment including sending some to my other sister in Charlotte, NC.  I will never understand why they don't bring it back in stores..."
"Awesome Product!","This is a great latte!","Awesome latte!","I had Gastric bypass a little over a year ago and ever since have been having a really hard time finding a protein drink that agreed with me. Either they tasted completely awful or they made me sick to my stomach. After reading the reviews on Amazon for Click, I ordered the Click Vanilla Latte flavor and crossed by fingers that it would live up to the good reviews. I am here today to say this drink is awesome! There is no heavy protein flavor and it doesn't make me feel sick after drinking it. I would recommend this product to everyone who loves the flavor of a good latte!"
"Fine Chai","I have sampled many bulk Chai teas and this is the BEST one ever. It is very authentic and hits a lot of flavor notes.","Best tea ever!","I have sampled many bulk Chai teas and I have to say this is the BEST one ever.  It is very authentic and hits a lot of flavor notes.  Perfectly balanced spices with a hint of heat from black pepper.  Keep in mind it is a process to brew, so give yourself about 10+ minutes from start to finish.  Use 1 3/4 teaspoons per serving and sweeten with honey to enhance the flavors."
"A great cuppa!","I'm a big fan of Typhoo teabags!","Love it!","First discovered Typhoo teabags in an English shop on the West Coast of FL. Have since seen them in my local grocery in Eastern NC. I'll never go back to American teabags! This is a strong, dark tea & I absolutely love it! I drink mine w/ an artificial sweetener, no milk. Heavenly! Now for a good book..."
"Very good seeds, but beware if you have milk allergies","Buy sunflower seeds if you are lactose intolerant or allergic to milk.","Delicious sunflower seeds, but a little too strong for my taste.","Let it be said that these are really delicious sunflower seeds.  The flavor is very strong and the seeds are quite large.  But there are three things to consider when buying these:<br /><br />1.  Milk is listed as one of the ingredients.  If you are lactose intolerant or allergic to milk products, you should stay away from these.  I'm not sure why milk is an ingredient in pickle-flavored sunflower seeds, but so be it.<br /><br />2.  A conspicuous amount of non-seed material often makes it into each bag.  These include stems and other parts of sunflower plants.  So even though you might think you are putting a handful of seeds in your mouth, sometimes you will find yourself spitting out foreign (plant) objects.<br /><br />3.  Sometimes the seeds get stuck together in clumps of four or five because of how much coating there is on each seed.<br /><br />Having said all this, these sunflower seeds are very tasty.  But they will also make your tongue raw because of all the seasoning."
"Love it","I'm not sure about the weight loss aspect of this stuff, I have lost weight but I have no idea if it has anything to do with","Love it!","I'm not sure about the weight loss aspect of this, I have lost weight but I have no idea if it has anything to do with this stuff, either way that's not why I bought it. I bought this for the supposed antioxidants and I've continued to use it because I love the taste and I suspect it's also been giving me an energy boost... another aspect which I can only guess on but can't really quallify. I mostly use this in smoothies, but it's also really good just mixed in greek yogurt and I've added it to iced tea several times. The packaging for all Navitas Naturals products is easilly ripped, especially at the top where it seals, this is something that bothers me but since I love their products I've just decided to overlook that and invest in some bag clips."
"Bob's Mills is tops in the industry!","I use flaxseed in all sorts of recipes. It's a good substitute for butter or margarine in a recipe.","Flaxseed is a good substitute for butter or margarine in a recipe","Flaxseed is healthy, good tasting and a good substitute for butter or margarine in a recipe. I use it in cereal, smoothies, a glass of water, veggie dishes and any recipe I wish to 'edit-out' butter, magarine or oil. (Use 3 parts flaxseed to 1 part 'other'). As far as Bob's Mills? I order other products, which arrive intact and are of gr8 quality (buckwheat flour, apple spice muffin mix, 10 grain hot cereal mix and herbs'n'spices. They also make an awesome bag clip to keep their product fresh (I cheat and use it on non-Bob's products!). I should have ordered at least 5 more bag clips. Oh well, I'm sure there will be a next time! Happy Harping!"
"The best anywhere","Love them!","Best olives I've ever had","These olives were introduced to me by a food freak; nothing but the best for his family.  When I tried one, I immediately went online to try to find them.  Fortunately, Amazon handled them.  I knew they were coming in large cans so I had 3 one pint caning jars on hand; just scoop out the olives into the jars and keep in refrigerator until you need the next can.  These olives are a different universe from premium stuffed olives in supermarkets.  You will never know what a really superb Martini is without them."
"Wasa makes great crispbread","We have tried several of the Wasa crispbreads and they are all great in our opinion. They have those rice things beat hands down. However I","Great Crispbreads","We have tried several of the Wasa crispbreads and they are all great in our opinion.  They have those rice things beat hands down.  However I do realize they are not for everyone.  But they are nutritious and have no man made harmful ingredients.  So if you are looking for a nutritious snack that won't add pounds on your body I would recommend Wasa crispbreads."
"Great for Normal Hair, Soothing to the Scalp","It's a shampoo/conditioner that is going to be good for someone who doesn't want their shampoo to dry out their hair and scalp","It's a good shampoo but not a stinky one","I had the two men in my life try this one: my son (10) and my husband.<br /><br />My son doesn't have a dandruff problem, but both he and my husband, who occasionally has some flakes, were both suffering from itchy scalps due to all the swimming they've been doing.<br /><br />My son really liked the shampoo.  (He used it by himself, and I washed his hair a few times myself to see what it was like.)  It made good suds and he really liked the smell which he thought was 'manly but not stinky'. (I had no idea he even noticed these sorts of things. But he did say that it made him smell nice like his Uncle Marker). I liked that it suds well and washed out cleanly without a lot of whining.<br /><br />My husband commented that it 'soothed' his itchy scalp.  And neither of us us have seen any flakes.  HOWEVER, he also commented that he didn't  think it cleaned to his complete satisfaction: at least not for Summer.  After a particularly grueling day of sitting on a lounge chair watching me mow and then weed the garden, he said he had to wash through twice to get to the point where his hair felt super clean.  This is more or less the same comment he's been making about every other shampoo that he's tried lately:  Pantene, Aussie, and Suave.<br /><br />So FIVE STARS.  This is a shampoo/conditioner that is going to be good for someone who doesn't want their shampoo to dry out their hair and scalp.  It also smells night without being overly perfume-y.  It appears to be soothing to the scalp, but you might find you need to use more shampoo if you have excessively greasy hair.<br /><br />Pam T~"
"Just like Sugar is fabulous","I've used this for close to a year and I love it on many levels. No aftertaste, no chemicals and I feel it is","Love it on many levels","I've used this for close to a year and I love it on many levels. No aftertaste, no chemicals and I feel it is good for you. I am on a weight loss diet and with this in my tea, I don't feel deprived in anyway. I am sensitive to all the artifical pastel package products and their laxative effects.<br />My friend who is a diabetic also uses it. We both bake, cook and use it in place of sugar in every possible way. The picky eaters in my life also love this."
"You can't eat just one!","Great for a quick breakfast.","Delicious and easy to eat!","These are crispy wafers filled with coffee flavored chocolate cream between layers.  They are light and not filling but very tasty.  This is a longtime family favorite spanning several generations.  It's too easy to eat the whole box.  It's made in Canada and not found in the USA except through the internet."
"Best espresso roast for the money","I'm amazed, at its price point, that anyone would criticize this bean. I notice one review that criticizes it, but then describes","I'm amazed, at its price point, that anyone would criticize this bean","I'm amazed, at its price point, that anyone would criticize this bean.  I notice one review that criticizes it, but then describes the reviewer as ""(I mean I'm not a novice for espresso) i own a semi-automatic espresso machine (DeLongi BAR32 before and now Saeco Aroma, Breville BCG450XL Conical Burr Grinder) about 5 years"" ... well wait ... he owns an $80 Delongi upgraded to a $250 Saeco, and a $90 grinder ... yuch!  You cannot get a setup that will do these beans justice for under $2000 (my setup is bare bones with a $2000 Quickmill Anita with PID and filtered plumbin; and a $700 Mazzer Mini ... all cleaned and adjusted obsessively).<br /><br />OK, if I had all the money in the world, I'd always get Black Cat from Intelligensia (the best bean in the world), but it is twice to three times the price of Lavazza."
"5 stars for the quality of the food, 2 for the price","Goji Berries are a superfood, but the price is outrageous.","Goji Berries are a legit superfood, but the price is outrageous.","The antioxidant properties of Goji Berries are ones you can feel immediately upon consuming them.  They're a legit superfood, however, the price is outrageous.  If you're comparing them with a dried snack fruit like raisins, they're 8x the cost (for organic). If paying $6 for an afternoon snack is up your alley, then there probably isn't a much better snack for you than these Goji berries.<br /><br />My only beef with goji berries are that they are BONE dry.  So dry, in fact, they could hurt your teeth, if you have sensitive teeth.  I actually know someone who chipped a tooth on goji berries.  Soaking them is ideal, and then using the juice in smoothies, not to waste the antioxidants that washed off into the  water."
"pretty good","I'd buy these again if you like your chocolate taste a bit muted.","Good taste, but a bit too much chocolate","Well... I don't compare the fat content and vitamin content... I just try to get my fiber and enjoy the taste while I'm at it.. These are pretty good.  Nothing the matter with them but I would have liked a bit more chocolate in them.  Now if you like you chocolate taste a bit muted, you'll find these are very good.  Bottom line, I'd buy them again..  Just wouldn't be too enthusiatic about it due to the lower choc content."
"Great Milk-Great Value","I love this product! It's a dairy and a treat for my daughter!","Love this product!","I pack these into my daughter's lunch every other day as her dairy and her treat.  Would love to see a lower sugar version of this product.  The box fits well in the pantry and the straw is easy to put in (a big issue with little hands!).<br /><br />Will continue to order, especially when they are on sale!"
"The One and Only","The world may never know how many licks it takes to get to the center of a Tootsie Roll pop.","How many licks does it take to get to the center of a Tootsie Roll Pop?","Just how many licks does it take to get to the center of a Tootsie Roll pop?  While the world may never know, you will have 100 chances with assorted flavors to try for yourself.<br /><br />It has been a while since I last saw Kojak with a Tootsie Roll Pop in his mouth, but I am unable to recall if he ever got to the point where he bit through to the center.  I can only suck on one of these for so long and then...CRUNCH!  Also, Tootsie Roll Pops are alternatively called Tootsie Pops, as noted on the Tootsie Roll web site.<br /><br />Tootsie Roll Pops, invented in 1931, have been one of my favorites since my childhood.  Of course, some of us never quite grow up, and the pleasure of sucking on a Tootsie Pop remains."
"Not a 100% substitute","I ordered this because of the positive reviews here, and the description touting it as an almost 100% substitute for wheat flour. It is great for breading","Not a 100% substitute for wheat flour","I ordered this because of the positive reviews here, and the description touting it as an almost 100% substitute for wheat flour.  It is not.  It is great for breading chicken breasts before sauteing, but has utterly failed in other applications.  I tried making crepe batter, which with wheat flour is very liquidy.  With this, I got a goopy mix resembling bread dough.  Even after doubling the liquid in the recipe the batter remained thick and doughy.  I also tried using this to make the dough for samosas, and again ended up with a thick goop, even after adding more water.<br /><br />It's possible this is a good batter for baking, as I haven't used the oven with it, but it definitely not a 100% substitute."
"Great value for the money!","I'm quite pleased with the results! The feedback from my friends has all been quite positive, and I think it tastes just dandy for","Great tasting wine!","This was my first Vino Italiano kit. I'm quite pleased with the results! The feedback from my friends has all been quite positive, and I think it tastes just dandy for a blush.<br /><br />The kit was easy to make. Depending on the temperature of your workspace, it takes roughly 4 weeks, though I personally think it was much better after aging a bit. Drinkable right after bottling, but better if you wait a couple months.<br /><br />Simple to make, came with the corks, labels and capsules. Mixed up well, fermented properly, and clarified beautifully. Can't ask for more than that for a buck and a half a bottle."
"Nice flavor, but difficult to steep...","The texture is a bit finer than other loose teas.","The texture is a bit finer than other loose teas","This tea's spicy chai blend is comforting and cozy. However, because the texture is a bit finer than other loose teas, bits of tea always find their way into my cup, and that can be annoying. I have 3 different kinds of tea contraptions, and I experience the same issue in all 3 of them."
"Saved this graveyard shift worker","This is the best coffee I've had in a long time.","Great latte","This stuff is great for this household.  I work graveyard six months a year, and hot coffee wasn't the thing for my needs.  Starbucks costs much more for less, and I was cut off when Trader Joes discontinued their triple latte for ""re-formulation"".  Finding this saved me/us here (we both got used to grabbing a cold tripple latte instead of hot coffee every morning even when I went back to working days).  With subscription, it is the cheapest yet and delivered to my door on a schedule.  Great first thing when I get up for work (and in the morning) and during my graveyard shift."
"The Best Spaghetti Ever","This is the best spaghetti spice mix ever. It is the favorite spaghetti of everyone I know who has tried it. If I cannot find it in the store","Best spaghetti spice mix ever","This spaghetti spice mix has the best taste ever.  This is the favorite spaghetti of everyone I know who has tried it. If I cannot find it in the store and substitute another, my family immediate knows it.  In addition. they want me to make other Italian dishes with the same spice mix."
"product good, beware of seller","I got this order in good time and the syrup is good, but when I got the package the bottle wasn't wrapped up and the lid had come","Good syrup, but the bottle wasn't wrapped up and the lid had come open","I got this order in good time and the syrup is good, but when I got the package the bottle wasn't wrapped up and the lid had come open and some of the syrup had leaked out(just about a Tablespoon full)inside the box. This is the only problem I have with this seller, but the product is excellent. If the seller had wrapped the bottle before shipping I would have given five stars instead."
"Superb ....","Watered my plants with Trivedi Water.","Trivedi Water","I have a little garden in my backyard and I love to grow my own vegetables ( weather permitting).  This year I watered some of my plants with Trivedi Water (only twice by mixing with regular tap water in 1:5 ratio).  I was amazed to see those plants which received this water had much better growth, color of leaves was greener, and the vegetables( in this case Okra) were delicious.  By the way no chemicals were sprayed on these plants."
"Great flavor","Love the bread crumbs!","Great bread crumbs for preservative-free casseroles","We use a lot of bread crumbs. I not only love the fact that this is preservative-free, but they have a really good flavor as well. They also don't seem to get very soggy during baking either when added to the top of some of my casseroles, they are still crunchy. This is even after the casserole has been refrigerated a day or two. Will definitely buy again."
"Very delicious - hits that carb craving spot but not too badly","I have been buying the grass fed beef, the cagefree happy chicken eggs, the least pasteurized whole cream and watching my carbs in attempting","The best chicken and vegies I've ever had!","I have been buying the grass fed beef, the cagefree happy chicken eggs, the least pasteurized whole cream and watching my carbs in attempting to eat more healthfully. Then I discovered this Chef Boyardee Rice chicken & vegetables.  I may not eat perfectly all the time, but when the carb urge hits - plus me being asian - the rice in this entree is the perfect amount, and has the most delicious and satisfying taste! I had been buying Cambells chicken and rice soups but this Boyardee rice with chicken and vegies is more substantial.  To me, the mix of rice, vegies, and chicken is perfect and delicious.  I am so pleased that this product is available, and you can't fault its amazingly low price. Plus the container is so cute and it fits into your car trunk easily (for emergencies during the winter in Northern Virginia - when the snow is so bad and the traffic so bad that you can't go home for 13 hours while you are sitting in the car along with thousands of others stuck with you as in 2011's snow in DC) for you and to share with others - and also in your glove compartment and in your lunch tote!<br />I am so pleased this product is available!!!!"
"Great taste & texture!","I'm really, really pleased with this bread machine mix. First of all, it's really easy to make: just put it in the bread","Great bread machine mix!","I'm really, really pleased with this bread machine mix. First of all, it's really easy to make: just put it in the bread machine with water, oil and yeast. The yeast packet is included, so that's nice. It bakes up with a really nice texture and tastes great. It's great for making sandwiches and it's healthy! I will definitely be buying this again!"
"smells great, and works well.....but gave me a horrible rash","I have been using this deodorant for a couple months now, it does last all day for me, and smells really girly...but","It's a good deodorant, but the rash is painful and dry","I have been using this deodorant for a couple months now, it does last all day for me, and smells really girly. But it recently gave me the worst rash i have ever got...its painful and dry...i have thrown it out and decided to go with something mild, like dove...."
"BEST. CANDY. EVER.","I'm so excited that Amazon sells this candy!!! It's the way Starbucks wishes it tasted. It doesn't stick in your teeth","Great candy at a great price!","My local store sells it for $1.50 plus tax.  I'm so excited that Amazon sells it!!!!!!!!  And at such a great price too!!<br /><br />If you haven't had this candy before, well, you're missing out!!  It's tastes the way Starbucks wishes it tasted.  It doesn't stick in your teeth.  It's chewy like salt water taffy but won't pull out your fillings.<br /><br />Just fantastic.<br /><br />Side note:  This is highly unhealthy.  First two ingredients are sugar.  Third is palm oil.  It. will. make. you. fat.  Buy 20 packs of this stuff at your own risk."
"Love it!","My son loves these chocolate milks and I love that they are organic. My only issue is that the box tore as I brought it in from outside","My son loves these chocolate milks and I love that they are organic","Bought these through the subscribe and save program and saved myself a few bucks and a trip to the store! My son loves these chocolate milks and I love that they are organic. My only issue is that the box tore as I brought it in from outside, causing me to have a dozen chocolate milk cartons on my floor :/"
"overpriced and not tasty","I would never buy this again.","Too easy","Yes my kids both like this (ages 3 and 5) but I have to say, it's too easy. Add a teaspoon of water? i mean, where is the learning in this? besides that, the finished product is inedible - in my opinion...although my kids both ate their's with no problem and seemed to enjoy it. this is very overpriced and i would never buy it again."
"Poor price","I've been looking for a used mint for about a year. I'm not sure if it's a new mint or","The price is a little too high","I find the price to be a little too high. When I average the cost as individuals I come up with a price of $1.92 per container. I can go to Wal-mart and buy the same item for $1.67 per container, plus I do not have to pay shipping. The seller might want to check this out a little more. Another question is what is being sold as ""used"" mints?<br /><br />Thank you.<a href=""http://www.amazon.com/gp/product/B0014C0HKG"">Ice Breakers Mints Wintergreen 8 Packs</a>"
"Murray Cookies!","Don't order Murray cookies.","Don't buy these cookies!","I thought I was purchasing Keebler cookies, but I received a box of Murray cookies. I just tried one pack of the Murray cookies, didn't like it at all. I will never order these cookies again. I recommend that you buy Oreo sugar free cookies if you are craving a chocolate sandwich; they are so good! Don't buy them online, since it's about 65% more expensive than your local grocery store."
"Consistent and Classic","This is the curry powder I started with years ago. As I got more into Indian cuisine, I tried other brands and even mixed my own blends,","This is the curry powder I started with years ago","This is the curry powder I started with years ago. As I got more into Indian cuisine, I tried other brands and even mixed my own blends, but this still has the benchmark flavor for home cooking. The pepper, ginger, and other elements are in perfect balance making it a great seasoning for any protein or veggie. The only adjustment you have to make at home is with salt or red pepper."
"Best K cup for coffee lovers!","My husband loves the Keurig coffee maker!","Best coffee I've ever had!","My husband thought the Keurig coffee maker was just another gadget, only to be used when guests wanted to make their own choice for flavored coffees.  When I purchased a small box of this  extra bold coffee, he said it was the best coffee he has ever had...home or in a restaurant!  I purchased this larger box, and he said, ""Why don't we put the Keurig in the kitchen, and put our 12 cup coffee maker away""!  He is now having less cups of coffee...enjoying it much more...and absolutely no waste!"
"Thoroughly Awesome Noodles","I'm a big fan of Mi Goreng noodles.","Delicious and easy!","This is my second 30-pack of Mi Goreng noodles. The first I bought was BBQ Chicken flavor, and I was seriously impressed with their taste. My roommate and I polished off 30 of them in less than a week, so I just had to grab another case. These (the regular flavor) are quite good, although I do prefer the taste of BBQ Chicken. Each package comes with an adequate amount of noodles and seasoned oil, sweetened soy sauce, chili powder, and sauce mix. The oil and soy sauce packets are horribly designed. Anyone who can open them and squeeze out all of the liquid without getting it all over the place is seriously talented. Very Asia (the company that ships these) is pretty speedy, although these arrived slightly damaged (the sauce packages were busted in a few of the noodles). The BBQ Chicken case I ordered, however, was completely undamaged, so I guess it's hit or miss in that department. Anyway, buy these things. They are delicious and easy, and much better than plain old ramen noodles."
"They Seem Different","I normally love Popchips. I couldn't find them in the local stores so I ordered them here. The flavor doesn't seem as good","Not as good as they used to be","I normally love Popchips.  I couldn't find them in the local stores so I ordered them here.  The flavor doesn't seem as good... they are a little more browned,thinner and seemed more crispy in a harder sort of way.  I don't know if the batch was off or if they have changed how they make them.  I was disappointed."
"Delish but a lot of Calories!!!","I'm a big fan of this bar. It's a little pricey, but I think it's worth it.","Good for a quick snack","Really tasty, similar to a Mounds Bar or Almond Joy but without the nuts or chocolate, so I think it is really tasty.  There are 230+ calories for one bar and not a lot of protein (1.3 grams)so keep that in mind when you decide to eat one. Good Luck..."
"Nothing special","I'm not a big fan of carbonated juices, but I prefer orange/tangerine juice.","Not a fan of carbonated juices","I'm not a big fan of carbonated juices, but am a huge lover of orange/tangerine.  In that respect, this was a disappointment for me, not being as tangeriny enough for me.  The first sip left me with an extremely unpleasant aftertaste, but had gotten easier to tolerate with additional sips.  But, after waiting a while for another sip, that initial unpleasantness returned.  If I'm going to drink juice, I'll stick to what I prefer, uncarbonated."
":Lovely but didn't last","Very disappointed. The tree arrived in great condition, I thought it was lovely, bright leaves, lovely shape, very nice. Read the instructions, followed them","Very disappointed","Very disappointed.  The tree arrived in great condition, I thought it was lovely, bright leaves, lovely shape, very nice.  Read the instructions, followed them but within a week the leaves turned brown and it started to die.  I let my friend who happens to be an arborist look at it and he couldn't figure out what could have happened to make it dry up and start to die, especially that fast.  Anyway, I have not given up and actually a few leaves have started to come back. Still hope it will, it really was a lovely tree.  If I could recommend on looks alone, it would have gotten 5 stars.  Someone else may have better luck."
"Quick and easy!!","Velveta's new Cheesy Skillets dinner mix is very easy to make and is good when you're pressed for","Velveta's new Cheesy Skillets dinner mix","The new Cheesy Skillets dinner mix from Velveta is very easy to make and is good when you're pressed for time. The flavor I sampled was the Choicken and Broccoli. Prep. was very easy, just fry up some chicken, add the mix and that's about it. If you're a family on the run or a single guy it's a great quick dinner. I've had some of the other flavors, but I think I like this one best!"
"cute plant, pot too small","I like it, but the pot looked like it was bought from the store and was waaay too small for the plant. Also, the instructions","Too small for the plant","It is a cute little plant, but the pot looked like it was bought from the store and was waaay too small for the plant. Had to re-pot it right away. Also, there were no instructions on how to take care of it. I like it, but should have gotten a cheaper one."
"fav flavor","i don't want to order multi paks of it","great product but not the best price","when i ordered this it was the best price on the net for product and shipping on the individual flavor but i have since changed to ordering it from costco because this price went up or they stopped carrying it at least expensive merchant. its a great product i love it i just dont like every flavor so i dont want to order multi paks of it."
"""Extra Mile""?  More like ""1/4 Mile""","I don't think I'll be buying this again.","Not good enough of a gift on its own","This was disappointingly small.  The total amount is 16.5 ounces of meat, and except for one, they are all in pieces smaller than Slim Jims... 7 of the pieces were only 1/4 ounce each.<br /><br />The burn technique used to put the logo on the bag was sloppy and does not look nice.<br /><br />I need to go get something else to go along with this now, as it is not good enough of a gift on its own."
"Best so far!","Great protein shake.","Good protein shake","Tried this product after doing a little research online (including here).  The product lived up to its good reviews.  Like most protein shakes, this is best cold.  I usually make a drink after exercising but with classes starting back up, I plan on switching to mornings since I'll be preoccupied during class.  The only downside to the product for me was trying to find the perfect amount of 10oz. of water to get the shake to taste perfect (I think I managed that feat twice), but nonetheless, it's still good."
"Stop the presses: make your own on the cheap","I make my own percolator filters and they work fine. And mine are dirt cheap. I simply buy a stack of normal basket-type filters","Great for cleaning out the percolator basket","I make my own percolator filters and they work fine.  And mine are dirt cheap.<br /><br />I simply buy a stack of normal basket-type filters at the grocery store.  When I get home, I clamp the stack of filters tightly together and, using a Forstner bit, I drill a 3/8 inch hole through the center of the whole stack.  I suppose a normal drill bit would work, but I've never tried that.<br /><br />A few filters on the top of the stack tend to get ripped up, but that's not a big deal.<br />The filter with the hole in the center nestles nicely into the moistened perc basket and the lid fits on top like it normally does.  This method stops 99% of the mud from getting into my coffee and makes cleaning out the perc basket a breeze.<br /><br />I used to make the hole each morning in the basket filter using a single-hole paper punch, but that got a little tedious."
"Still the best I've ever tasted -- at any price","I recently tried some very expensive, highly recommended a href=""http://www.amazon.com/gp/product","The best coffee you're ever going to sip!","I recently tried some very expensive, highly recommended <a href=""http://www.amazon.com/gp/product/B001E5DYSK"">illy Caffe Normale Drip Grind Coffee (Medium Roast, Blue Band), 8.8-Ounce Tins (Pack of 2)</a>. The verdict was clear: This Don Francisco 100% Colombia Supremo kicks its rear end around the block!<br /><br />I've tried many different types of coffee, including fresh-roasted whole-bean grind-it-yourself types from all the different brands, and I always wind up right back here enjoying ""a cup o' the Don"".<br /><br />Your search for the perfect coffee ends here. This is the most excellent grind you're ever going to sip, hands-down.<br /><br />Enjoy!"
"great taste and value","Best cashews I've ever had!","Great Taste and Great Value","I've been buying product from Back to Nature for a while.  I have to buy them from Amazon because there is no Whole Foods or other natural grocery store in the near vicinity.  I love these cashews.  They have strong flavor.  They are always fresh and crunchy.  I've bought other brands and the nuts were tasteless and a bit rubbery sort of like humidity had gotten to them.  Never happens with this brand.  Great taste and great value.  I would recommend them to everyone."
"wonderfull coffee","Great aroma, not acidy and very smooth. The taste depends on method of preparation. You need to grind the beans right before making coffee. My low","Great aroma, not acidy and very smooth","I love this coffee! Great aroma, not acidy and very smooth. The taste depends on method of preparation. You need to grind the beans right before making coffee. My low end Krups espresso machine makes it taste a little bit bitter. Now I use the stove top to prepare it. It doesn't taste bitter at all even without sugar. You will never drink burned Starbucks coffee again after trying Dallmayr."
"This Works! Clears Skin","I have been drinking this tea for 2 months now. I have noticed a drastic change in my skin. I normally have really bad skin but this tea","Best tea for my skin","I have been drinking this tea for about 2 months now. I have noticed a drastic change in my skin. I normally have really bad skin. I started to drink this for a different reason and then noticed my skin cleared up in the process. I will always drink this now, I've tried so many things for my skin but this beats them all!"
"The dog seems to enjoy it","My dog loves Beneful.","My dog loves it!","My dog is a bit of a jerk. She won't eat a lot of foods, and we've narrowed it down to basically Purnia products. But as she ages, we had to switch to a bit of a healthier choice for food. All of them she turned her head down at. Except for Beneful. I obviously cannot speak to how it takes, but the texture and variety of shapes looks as appealing as dog food can. My dog seems to enjoy it, whereas before she required gravy or some wet food to get her meal down, she can eat this without it. She seems to go to do her business more regularly, and her movements are more solid and seem healthier."
"Good stuff..3.5 stars....but I think it was on the shelf a while....","Very good quality.","good seasoning","No complaints...good seasoning...I used the same batch several times with good results...the material was hardened in a couple of packs...which didn't defer from the quality....I make my own marinade...and the original and Teriyake were OK..the spicy was VERY VERY good which I can't duplicate...forget the variety pack...if you like a kick go for the spicy which is really awesome..."
